descripcion,costo_usd,ef,pa_drovencentro,score
ACIDO BORICO CAP VAG 400MG X10 LYA,5.35,E.F.21.870,ACIDO BORICO 400MG,0.761
ACRYLARM GEL OFT 10G MEG,27.40,E.F.32.679,ACIDO POLIACRILICO  0.2% 10GR,0.880
ACTICAR JBE 1G/10ML X 120ML,7.94,E.F.33.435,L-CARNITINA,0.784
"ADAPALENO GEL TOP 0,1% 15G HM",1.95,E.F.G.43.334,"ADAPALENO 0,1%",0.894
AEROFLAT GTS 80MG/ML 20ML COFA,6.02,E.F.35.935,SIMETICONA  80MG/ML,0.862
AIRFEN GTS AD 15ML COFA,5.72,E.F.43.679,OXIMETAZOLINA CLORHIDRATO 0.05%,0.791
AIRFEN GTS PED 15ML COFA,5.72,E.F.43.679,OXIMETAZOLINA CLORHIDRATO 0.05%,0.791
ALBENDAZOL SUSP 100MG/5ML 20ML PORTU,2.73,E.F.G.43.846,ALBENDAZOL 100MG/5ML,0.878
ALBENDAZOL TAB MAST T/FRUTTI 200MGX2 CLX,1.18,E.F.G.35.027,ALBENDAZOL 200MG,0.814
"ALILUB SOL OFT 1,4 % 15ML PHARME",7.12,E.F.43.324,"ALCOHOL POLIVINILICO 1,4% OFTA",0.750
ALLERFEX TAB REC 120MG X10 PHARME,7.10,E.F.34.071,FEXOFENADINA 120MG 10TAB,0.819
AMBROXOL JBE PED 15MG/120ML KIMIC,3.17,E.F.G.29.182,AMBROXOL 15MG/5ML,0.863
AMOXIDUO PVO SUSP 750MG 70ML MEG,11.56,E.F.31.275,AMOXICILINA,0.888
ANALPER NAX CAP 250MG X10 PHARME,3.87,E.F.34.809,NAPROXENO 250MG 10TAB,0.825
ANAPIR CAP BLD S/AZU 400MG X10 FC,3.14,E.F.41.681,IBUPROFENO,0.817
ANGIOFLUX CAP BLD 250LSU X25 LETI,69.22,P.B.1.482,SULODEXIDA 250LSU,0.847
ANTOVEN TAB 15MG X30 FC,15.56,E.F.G.43.734,ARIPIPRAZOL 15MG,0.790
APIRETFLU SOB 8G NOCH MIEL/LIMON X6 LO,10.14,E.F.43.632,ACETAMINOFEN- CLORFENIRAMINA-CAFEINA,0.777
APRIX CAP BLD 125MG X10 PLN,5.97,E.F.38.633,SIMETICONA,0.834
APROVEL COMP REC 150MG X28 CLX,40.26,E.F.31.240,IRBESARTAN 150MG,0.853
APYRENE CAP BLD 650MG X10 FC,3.43,E.F.34.821,ACETAMINOFEN,0.811
ASPIANDEX TAB REC 81MG X30 PLX,3.18,E.F.44.038,ACIDO ACETILSALICILICO 81MG,0.817
ATAMEL JBE PED 120MG/5ML 120ML CLX,3.78,E.F.24.736,ACETAMINOFEN,0.866
ATAMEL JBE PED 120MG/5ML 60ML CLX,2.03,E.F.24.736,ACETAMINOFEN,0.861
ATAPEC COMP REC 25MG X30 FC,4.92,E.F.44.711,QUETIAPINA 25MG,0.818
ATOVAROL CAP BLD 20MG X30 VIV,6.87,E.F.37.481,ATORVASTATINA 20MG 30CAPS BLANDAS,0.838
ATRIZINA COMP REC 500MG X5 RNV,5.63,E.F.G.31.564,AZITROMICINA 500MG,0.819
"AVOST SOL OFT 0,004% 3ML CAPSUV",13.36,E.F.43.792,TRAVOPROST 0.004%,0.874
AZITROMICINA TAB/REC 500MG X 3 LA SANTE,2.27,E.F.G.36.689,AZITROMICINA 500MG,0.809
"BEDEX SOL BUCAL 0,15% 120ML PLX",4.97,E.F.42.975,"BENCIDAMINA CLORHIDRATO  0,15% SOL TOP BUCAL 120ML",0.747
"BETAPLUS CREM 0,05% 20G PORTU",2.99,E.F.40.374,"BETAMETASONA 0,05%",0.882
"BETASKIN CREM TOP 0,05% 15G TIAR",2.51,E.F.40.374,BETAMETASONA  0.05%,0.872
BETASOL UNG 30G SEF,5.78,E.F.G.36.242,PROPINATO DE CLOBETASOL,0.780
BIOFENIT AMP IV/IM 250MG/5ML X10 CR BIO,12.64,E.F.G.35.889,FENITOINA SODICA 250MG,0.797
BIOSONA PVO LIOFIZ VIAL 500MG X1 CR BIO,12.53,E.F.37.882,METILPREDNISOLONA 500MG,0.802
BIOTIC HC SOL 1% X5ML CR BIO,8.23,E.F.31.588,CIPROFLOXACINA HIDROCORTISONA,0.781
BIRGIT PLUS COM/REC 50MG/1000MG X 30,28.18,E.F.43.492,METFORMINA CLORHIDRATO 50MG + SITAGLIPTINA  850MG,0.845
BIRGIT PLUS COMP REC 50MG/500MG X30 MEG,23.12,E.F.43.492,METFORMINA CLORHIDRATO 50MG + SITAGLIPTINA  850MG,0.870
BIRGIT PLUS COMP REC 50MG/850MG X30 MEG,28.57,E.F.43.492,METFORMINA CLORHIDRATO 50MG + SITAGLIPTINA  850MG,0.878
"BISOBLOC/HCT TAB 10MG/6,25MG X30 GFARM",16.48,E.F.43.578,FURMATO DE BISOPROLOL  10MG  30TAB,0.729
BLOKXA TAB REC 20MG X28 CLX,17.82,E.F.42.416,RIVAROXABAN  20MG,0.841
BONAC GEL 4% 30G MEG,18.44,E.F.32.078,ERITROMICINA,0.900
"BRIMOPRESS SOL OFT 0,2% 5ML MEG",14.68,E.F.40.814,TARTRATO DE BRIMONIDINA,0.873
BRIXIA SOL/OFT X 6ML,12.86,E.F.32.168,"AZELASTINA 0,05%  6ML",0.820
BUDESONIDA INH PED 50MCG X200DOSIS MDF,21.27,E.F.G.32.411,BUDESONIDA 50MCG,0.852
BUTILATT TAB 10MG X10 CR LATT,5.19,E.F.G.43.037,BUTILBROMURO DE HIOSCINA 10MG  10TAB,0.820
CAMOLYN PLUS SOL OFT 15ML,5.02,E.F.G.44.027,NAFAZOLINA CLORHIDRATO,0.788
"CARVEDILOL TAB REC 12,5 MGS X30 PHARMA",2.54,E.F.G.35.571,"CARVEDILOL 12,5MG",0.869
"CARVEDILOL TAB REC 6,25MG X20 KIMIC",3.39,E.F.G.35.572,"CARVEDILOL 6,25 MG",0.858
CEBION TAB MAST TROPI 500MG DISP12X12FAR,51.90,E.F.G.44.099,VITAMINA C,0.800
CEDROXYL TAB 500MG X10 ZUZU,3.64,E.F.G.42.857,CEFADROXILO 500MG,0.817
CEFIPLUS CREM VAG 15%/4% 40G DLR,12.19,E.F.36.249,METRONIDAZOL 15% + NITRATO DE MICONAZOL 4% 40G,0.863
CEFONAX PVO SUSP ORAL 250MG/5ML 60ML ELM,7.81,E.F.44.040,CEFADROXILO 250MG,0.881
CEFOTAS PVO/SUSP 250MG/5ML X 100ML,8.31,E.F.44.040,CEFADROXILO  250MG5ML,0.857
"CERCIORAT COMP 0,75MG X2 CCM",5.94,E.F.30.697,"LEVONORGESTREL 0,75MG",0.838
CIBRALIP CAP 100MG X30 FC,17.79,E.F.44.550,CIPROFIBRATO 100MG,0.831
CISTAFLUX TAB 100MG X30 ZORIAK,7.88,E.F.38.185,CILOSTAZOL 100MG,0.820
CITIC COMP REC 500MG X30 VARG,20.78,E.F.G.40.067,CITICOLINA 500MG,0.816
CITRATO D/POTA SOL 240ML LYA,4.94,E.F.42.051,CITRATO DE POTASIO 10%,0.817
CLARIX SOL NASAL PED 15ML L.O,9.15,E.F.43.679,OXIMETAZOLINA,0.807
CLARIX SOL OFT 15ML L.O,4.89,E.F.18.142,OXIMETAZOLINA,0.772
CLASOL SOL ORAL 15MG/5ML 120ML ANG/H,2.86,E.F.44.393,DEXTROMETORFANO BROMHIDRATO 15MG,0.848
CLEANMED GEL TOP 1% 15G FMED,1.99,E.F.G.42.403,CLINDAMICINA 1%,0.867
CLINDAMICINA FOSFAT GEL TOP 1% 15G CR MT,8.29,E.F.G.42.403,CLINDAMICINA,0.859
CLINDAMICINA GEL TOP 1% 15G CR ZUK,18.45,E.F.G.42.403,CLINDAMICINA,0.871
"CLOBESKIN CREM TOP 0,05% 30G TIAR",4.81,E.F.G.44.198,CLOBETASOL  0.05%,0.873
"CLORTIDEN TAB 12,5MG X30 ZORIAK",3.54,E.F.43.843,"CLORTALIDONA 12,5MG  30TAB",0.858
CLORURO D/MAGNE SOL COCO 240ML RECETT,4.48,E.F.34.036,CLORURO DE MAGNESIO,0.799
CLORURO D/MAGNE SOL FRAMB 240ML RECETT,4.48,E.F.34.036,CLORURO DE MAGNESIO,0.786
CLORURO D/MAGNE SOL LIMON 240ML RECETT,4.48,E.F.34.036,CLORURO DE MAGNESIO,0.795
CLORURO D/MAGNE SOL NAR 240ML RECETT,4.48,E.F.34.036,CLORURO DE MAGNESIO,0.799
CLORURO D/MAGNE SOL PARCHI 240ML RECETT,4.48,E.F.34.036,CLORURO DE MAGNESIO,0.799
CLORURO D/MAGNES JBE 240ML ARC IRIS,7.79,E.F.34.036,CLORURO DE MAGNESIO,0.801
CLOTRIMAZOL CREM 1% 20G PORTU,2.18,E.F.G.36.125,CLOTRIMAZOL 1%,0.899
CLOTRIMAZOL CREM TOP 1% 20G ALESS,2.63,E.F.G.36.125,CLOTRIMAZOL 1%,0.878
CLOTRIMAZOL CREM VAG 2% 20G LETI,7.81,E.F.G.35.192,CLOTRIMAZOL 1%,0.892
CLOTRIMAZOL CREM VAG 2% X 30G TIAR,4.69,E.F.G.35.192,CLOTRIMAZOL 1%,0.857
CLOTRIMAZOL/NEOMIC/DEXAM CREM 20G PHARME,6.50,E.F.G.36.125,CLOTRIMAZOL 1%,0.870
COMENTER COM/REC 30MG X 30,9.41,E.F.32.823,MIRTAZAPINA 30MG,0.857
CORATAB TAB REC 81MG FRASCO X100 COFA,5.94,E.F.31.523,ACIDO ACETILSALICÍLICO 81MG,0.808
"CROMUS UNG DERMICO 0,1% 15G VIV",43.04,E.F.36.834,TACROLIMUS 0.1%,0.865
CUTICLIN CAP BLD 10MG X30 VIV,26.96,E.F.G.37.545,ISOTRETINOINA 10MG,0.801
CYNT COMP REC 20MG X20 DLR,3.45,E.F.33.257,SIMVASTATINA 20MG 20COMP,0.845
CYNT COMP REC 40MG X10 DLR,3.45,E.F.33.255,SIMVASTATINA 40MG 10COMP,0.828
DACMINA PLUS TAB REC 450MG/50MG X30 DAC,10.42,E.F.G.36.420,DIOSMINA 450MG HESPERIDINA 50MG,0.816
DAPAXIT TAB 10MG X30 ZORIAK,19.19,E.F.44.385,DAPAGLIFOZINA 10MG  30TAB,0.798
DAVINTEX COMP REC 60MG X10 MEG,5.06,E.F.43.822,ETORICOXIB 60MG,0.857
DAYFLU CAP BLD 500MG/10MG/2MG DIAX10 VIV,5.78,E.F.37.218,ACETAMINOFEN CLORFENIRAMINA CAFEINA,0.847
DAYFLU CAP BLD 500MG/2MG NOCH X10 VIV,5.26,E.F.37.218,ACETAMINOFEN CLORFENIRAMINA CAFEINA,0.816
DENAF TAB REC 50MG X1 L.O,1.03,E.F.G.43.690,SILDENAFIL 50MG,0.799
DENAF TAB REC 50MG X2 L.O,1.93,E.F.G.43.690,SILDENAFIL 50MG,0.799
DENCOFEN GEL 1% 40G PONCE,5.09,E.F.G.37.301,DICLOFENAC SODICO,0.870
DENCORUB CREM 40G PONCE,4.29,E.F.4.931,ALCANFOR +EUCALIPTO+MENTOL+SALICILATO DE METILO,0.756
DENCORUB GEL 40G PONCE,4.72,E.F.24.511,ALCANFOR +EUCALIPTO+MENTOL+SALICILATO DE METILO,0.771
DENCORUB ICE GEL 40G PONCE,2.66,E.F.24.511,ALCANFOR +EUCALIPTO+MENTOL+SALICILATO DE METILO,0.744
DERMAPIL CREM 0.1 % X 15G,11.61,E.F.42.875,"MOMETASONA FUROATO 0,1%",0.879
DESAZONA TAB 4MG X10 PORTU,1.57,E.F.G.26.290,DEXAMETASONA 4MG,0.828
"DESLER M TAB MAST 2,5/5MG X30 PHARME",9.84,E.F.39.603,DESLORATADINA 5MG 10TAB,0.860
DESLER M TAB REC 5MG/10MG X30 PHARME,17.40,E.F.39.603,DESLORATADINA 5MG 10TAB,0.862
"DESOLON TAB 0,15MG/0,03MG X21 CAPSUV",12.66,E.F.33.867,DESOGESTREL 0.1MG ETINILESTRADIOL 0.03MG  21TAB,0.851
DETFORGLIN TAB 500/50MGX30 CR DIST,10.97,E.F.G.42.667,METFORMINA 500MG + SISTAGLIPINA 50MG  30TAB,0.780
DEXACORT SOL INY 4MG/ML 2L X1 BHR,3.08,E.F.44.743,DEXAMETASONA 4MG,0.847
DI BENZOL SOL 200MG/5ML PED FRESA X 10ML,3.10,E.F.G.43.256,ALBENDAZOL 200MG 5ML,0.807
DIALPRON TAB 500MG X30 CR DIST,6.84,E.F.23.174,ACIDO VALPROICO 500MG  30TAB,0.816
DIANITIN SOL 150MG/10ML X 120ML,8.94,E.F.G.40.781,RANITIDINA 150MG,0.819
"DICLOFENAC DIETILAM GEL 1,16% 30G ALESS",2.38,E.F.G.37.540,"DICLOFENAC DIETILAMINA 1,16%",0.893
DIDRAMINA TAB 50MG X10 CR DIST,5.40,E.F.32.103,DIMENHIDRINATO 50MG,0.793
DIFENAC FORTE COMP REC 100MG X10 DLR,4.42,E.F.24.522,DICLOFENAC SODICO 100MG 10COMP,0.825
DIFLURYL TAB REC 10MG X30 CR DIST,6.92,E.F.G.43.024,FLUNARIZINA  10MG 30TAB,0.787
DIFURAZ CREM 0.2% X 30G,15.92,E.F.G.34.437,NITROFURAZONA N,0.880
DISBUFEN MAXX CAP BLD 600MG X20 CR DIST,6.87,E.F.43.166,IBUPROFENO 600MG  20CAPS,0.803
DISCETAM TAB 1000MG X30 CR DIST,16.25,E.F.37.980,LEVETIRACETAM 1000MG  30TAB,0.802
DISCRALFAT SUSP 1G/5ML 150ML CR DIST,18.45,E.F.26.303,SUCRALFATO 1GR   20TAB,0.837
DISDERM CREM 20G X 1,3.45,E.F.G.36.125,CLOTRIMAZOL NEOMICINA DEXAMETASONA,0.843
"DISFENAC GEL 1,16% 50G CR DIST",6.74,E.F.G.37.540,DICLOFENAC DIETILAMINA  50GR,0.856
DISLEPTAL SUSP 300MG/5ML 100ML CR DIST,13.40,E.F.G.43.862,OXCARBAZEPINA 300MG  30TAB,0.796
DISLEPTAL TAB 300MG X30 CR DIST,9.45,E.F.G.43.862,OXCARBAZEPINA 300MG  30TAB,0.806
DISMEXINA JBE 8MG/5ML X 120ML,5.16,E.F.G.26.069,BROMEXINA CLORHIDRATO,0.851
"DISMOVAT CREM 0,05% 50G CR DIST",6.99,E.F.G.44.198,CLOBETASOL PROPIONATO,0.873
DISPROZIN SOL ORAL 6MG/ML 120ML CR DIST,4.62,E.F.G.43.831,LEVODROPROPIZINA 6ML,0.860
DISVENAL ANTIVARICOSO CAP 500MG X30 DIST,15.53,E.F.24.286,DOBESILATO DE CALCIO 500MG  30CAPS,0.805
DITOSXIL SUSP 100MG/5ML 120ML CR DIST,6.13,E.F.44.628,CARBOXIMETILCISTEINA 100MG,0.812
DIXTORFAN SOL/ORAL 3MG/5ML X 120ML,3.47,E.F.44.089,DEXTROMETORFANO CLORFENIRAMINA,0.797
DOLAK SL COMP 30MG X4 DLR,4.26,E.F.38.932,KETOROLAC TROMETAMINA,0.823
DOLAK SOL INY 30MG/ML X1 DLR,4.98,E.F.38.932,KETOROLAC TROMETAMINA,0.827
DOLAK SOL INY 30MG/ML X2 DLR,9.01,E.F.38.932,KETOROLAC TROMETAMINA,0.827
DOLGENAL COMP SL 30MG X8 ADIUM,9.76,E.F.G.42.668,KETOROLACO 30MG,0.784
DOLO ICE LOC GEL MENTOLADA 120ML DAW,3.17,E.F.30.819,MENTOL,0.809
DOLO ICE LOC GEL MENTOLADA 250ML DAW,4.36,E.F.30.819,MENTOL,0.809
DOLO ICE LOC ROLL ON MENTOLADA 90ML DAW,3.27,E.F.537,MENTOL,0.777
DOPRIL SOL ORAL 3MG/ML X 60ML PED,4.81,E.F.43.652,PREDNISOLONA 3MG/ML,0.877
DROPIL COMP REC 100MG X40 DLR,11.34,E.F.39.862,QUETIAPINA 100MG 40COMP,0.837
DROPIL COMP REC 200MG X40 DLR,14.76,E.F.39.861,QUETIAPINA 200MG 40COMP,0.837
DUMS TAB MAST 750MG X20 CR DIST,7.78,E.F.G.42.542,CARBONATO DE CALCIO 750MG,0.805
DYMAZOL 3 OVUL 200MG X3 CR DIST,4.44,E.F.G.42.647,CLOTRIMAZOL  200MG  3 OVULOS,0.786
ELMETACIN SOL TOP 1% 30ML COMP,9.35,E.F.43.797,INDOMETACINA 1%,0.858
ELOK CREM 20G LIALI,2.17,E.F.44.466,"MOMETASONA FUROATO 0,1%  20GR",0.860
EPLERUNI TAB 50MG X30 UNIPH,31.91,E.F.36.507,EPLERENONA 50MG,0.809
ESONUV CAP 20MG X 30,6.14,E.F.42.489,ESOMEPRAZOL 20MG 30CAPS,0.823
EVIGAX CAP BLD 125MG X10 VIV,7.04,E.F.35.246,SIMETICONA 125MG,0.837
EVIGAX CAP BLD 125MG X20 VIV,10.31,E.F.35.246,SIMETICONA 125MG,0.854
"EXANIA EMUL 0,05% 60ML MEY",26.30,E.F.44.615,CLOBETASOL PROPIONATO,0.874
EZENTIUS COMP REC 20MG X20 MEG,10.52,E.F.42.994,ESCITALOPRAM 20MG,0.873
FARBICIL SOL 1% 30ML MEG,10.00,E.F.G.37.839,TERBINAFINA CLORHIDRATO,0.811
FARSENTAL TAB REC 10/125MG X10 DISK,7.95,E.F.31.488,PROPINOXATO 10MG/ CLONIXINATO DE LISINA  125MG,0.766
FEXOMED SUSP 30MG/5ML 120ML PHAR,4.09,E.F.41.359,FEXOFENADINA 30MG,0.839
FLATVIN CAP BLD 125MG X10 VIN,8.00,E.F.39.967,SIMETICONA,0.842
FLEVOMAX-D COMP REC 600MG X15 FAHD,3.76,E.F.44.069,DIOSMINA 600MG,0.849
FLUCONAZOL SOL INF 200MG/100ML KMP,2.20,E.F.G.43.429,FLUCONAZOL 200MG,0.864
"FULBARYL CAP INH 160MCG/4,5MCG X60 LETI",67.39,E.F.32.076,BUDESONIDA 160MCG + FORMOTEROL 4.5MCG,0.849
FUNGEX CREM 1% X 15G,6.39,E.F.G.37.839,TERBINAFINA CLORHIDRATO 1%,0.833
GABAROL CAP 150MG X20 CAPSUV,13.52,E.F.G.42.570,PREGABALINA 150MG 20CAP,0.838
GAPRIDOL CAP 400MG X15 CR MT,7.00,E.F.35.724,GABAPENTINA 400MG,0.799
GAPTAN TAB 300MG X30 ZORIAK,6.92,E.F.35.723,GABAPENTINA 300MG   30CAP,0.817
GENLET CAP 200MG X 10,10.00,E.F.G.41.029,FLAVOXATO 200MG,0.796
GESTASYN I CAP BLD 100MG X10 TIARES,13.55,E.F.43.614,PROGESTERONA 100MG,0.821
GESTASYN II CAP BLD 200MG X10 TIARES,16.29,E.F.43.613,PROGESTERONA 200MG,0.821
GLAUCOTENSIL D SOL OFT 5ML MEG,13.90,E.F.31.955,DORZOLAMIDA+TIMOLOL,0.808
GLAUCOTENSIL T SOL OFT 5ML MEG,14.68,E.F.31.955,DORZOLAMIDA+TIMOLOL,0.858
GLICLAZ TAB REC 80MG X20 ALESS,4.97,E.F.G.32.507,GLICLAZIDA  80MG,0.827
GLIDEX TAB REC 500MG X30 PLX,7.10,E.F.43.923,METFORMINA 500MG,0.846
GLIDEX TAB REC 850MG X30 PLX,9.30,E.F.43.924,METFORMINA  850MG,0.846
GLUCONATO D/ZINC CAP 170MG X60 HERBAP,11.56,E.F.42.581,GLUCONATO DE ZINC,0.844
GLUTAMINA CAP BLD 500MG X30,8.92,E.F.41.500,L-GLUTAMINA,0.812
GLUTAMINA CAP BLD 500MG X60,12.48,E.F.41.500,L-GLUTAMINA,0.812
GLUTAPAK-10 SOB X 15G,10.47,E.F.41.500,GLUTAMINA,0.782
GYNOMET CREM VAG 15/4% 40G LETI,25.67,E.F.36.249,METRONIDAZOL15% + NITRATO DE MICONAZOL 4%,0.849
HIDROCORTISONA PVO P/SOL 100MG DISTRILAB,3.34,E.F.G.34.920,HIDROCORTISONA,0.856
HIDROCORTISONA SOL IM/IV 100MG X10 ADN,19.58,E.F.G.34.920,HIDROCORTISONA,0.825
HIDROCORTISONA SOL IM/IV 500MG X1 ADN,6.36,E.F.44.584,HIDROCORTISONA 500MG,0.812
IBUFEN COMP REC 800MG X6 FAHD,4.29,E.F.44.135,IBUPROFENO 800MG,0.816
IMOL COMP REC 20MG X30 DLR,7.32,E.F.43.580,OLMESARTAN 20MG 30COMP,0.828
ITISONA CREM 30G PHARME,8.79,E.F.21.014,BETAMETASONA 30G,0.872
IVANOVA TAB 5MG X30 ZORIAK,12.55,E.F.G.44.524,IVABRADINA  5MG,0.798
JARIT CAP BLD 100MG X30 VIV,37.14,E.F.41.832,PROGESTERONA 100MG 30CAPS,0.847
KAZEPINA PVO PED100MG/5ML NAR 60ML ANG/H,3.39,E.F.27.475,CEFIXIMA,0.821
KEPPRA SOL/ORAL 100MG/MG X 300ML,101.18,E.F.37.978,LEVETIRACETAM 100MG/ML,0.887
KETOBLUX AMP 100MG/2ML X10 BLUE/M,25.97,E.F.G.35.019,KETOPROFENO 100MG,0.842
KETOCONAZOL CREM 2% 20G PORTU,2.31,E.F.G.26.276,KETOCONAZOL 2% CR,0.893
KETOCONAZOL CREM TOP 2% 30G TIAR,3.74,E.F.G.26.276,KETOCONAZOL  2%,0.858
"KETOGEL GEL TOP 2,5% 30G TIAR",4.68,E.F.35.431,KETOPROFENO  2%,0.872
KETOMED CHAMPU 100ML MEG,26.62,E.F.28.267,KETOCONAZOL,0.884
KETOPROFENO AMP IV/IM 100MG X10 TIAR,21.26,E.F.G.35.019,KETOPROFENO 100MG,0.833
KETOVEN CREM 2% 30G SGG,8.26,E.F.G.26.276,KETOCONAZOL 2%,0.835
L-CARNITINA TAB X 60 ARC IRIS,16.23,E.F.33.435,L-CARNITINA,0.791
L-GLUTAMINA CAP 500MG X30 VAL,11.06,E.F.41.500,L-GLUTAMINA,0.835
L-GLUTAMINA CAP X60 NAT PREM,7.30,E.F.41.500,L-GLUTAMINA,0.821
LAMICTAL TAB MAST 100 MG X30 FARMA,30.86,E.F.44.412,LAMOTRIGINA 100MG,0.885
LAMICTAL TAB/MAST 50MG X 30,20.06,E.F.44.411,LAMOTRIGINA 50MG,0.837
LEOVAL TAB 500MG X30 FC PHARMA,17.73,E.F.37.979,LEVETIRACETAM 500,0.792
LESTECOL TAB REC 40MG X30 BIOTECH,12.99,E.F.36.952,ATORVASTATINA 40MG,0.843
LETISAN TAB MAST 500MG FRUTAS X10 LETI,4.74,E.F.G.44.099,VITAMINA C,0.817
LETISAN TAB/MAST 500MG UVA X 10,10.59,E.F.G.44.099,VITAMINA C,0.799
LEVOFERIN JBE 30MG/5ML 90ML VIN,9.75,E.F.40.272,LEVODROPROPIZINA 30MG/5ML,0.856
MABROXOL JBE 30MG/5ML 60ML ZUZU,2.65,E.F.G.29.181,AMBROXOL  30MG,0.885
MAGNESIO AMINOQ CAP BLD 200MG X30 G PHAR,12.41,E.F.34.036,MAGNESIO 200MG,0.800
"MANTIXA COMP REC 2,5MG X30 MEG",21.69,E.F.42.025,"APIXABAN 2,5MG 30COMP",0.870
MAXIFUR FORTE CAP 100MG X30 TIAR,8.74,E.F.44.316,NITROFURANTOINA 100MG,0.824
MEDROXEL SOL INY 150MG/1ML JER X1 CCM,11.99,E.F.16.930,MEDROXIPROGESTERONA,0.795
METROVAX CAP BLD 500MG X15 VIV,8.82,E.F.29.532,METRONIDAZOL 500MG,0.806
MINOXIDIL SOL TOP 5% X 60 ML LA SANTE,12.96,E.F.G.43.601,MINOXIDIL 2%,0.826
MIRTAPAX COM 15MG X 10,2.12,E.F.43.794,MIRTAZAPINA 15MG,0.801
MITAR SOL P/INH NASAL X 50MCG,10.74,E.F.41.549,MOMETASONA 50MCG,0.852
"MOMEQ CREM 0,1% 15G PHARME",9.99,E.F.38.201,"MOMETASONA 0,1%",0.915
MONTELUKAST TAB MAST PED 5MG X30 L.O,7.44,E.F.G.43.010,MONTELUKAST 5MG,0.817
MONTELUKAST TAB REC 10MG X10 L.O,4.08,E.F.G.33.690,MONTELUKAST 10MG  10TAB,0.830
MONTELUKAST TAB REC 10MG X30 L.O,9.09,E.F.G.33.690,MONTELUKAST 10MG  10TAB,0.816
MONTELUKAST TAB/REC 10 MG X 30 LA SANTE,8.23,E.F.G.33.690,MONTELUKAST 10MG  10TAB,0.856
MULTIVITAMINICO CAP X30 LINOF,9.25,E.F.G.42.932,VITAMINA C - VITAMINA D3 - VITAMINA E - ZINC - VITAMINA A,0.815
MULTIVITAMINICO CAP X60 PREV,15.72,E.F.G.42.932,VITAMINA C - VITAMINA D3 - VITAMINA E - ZINC - VITAMINA A,0.794
MUPROSKIN UNG 2% 15G TIAR,5.38,E.F.G.43.731,MUPIROCINA  2%,0.832
NAC CAP 600MG X100 NOW,35.06,E.F.44.057,N ACETILCISTEINA 600MG  100CAPS,0.808
"NAS GTS SOL NASAL PED 0,05% 15ML L.O",2.73,E.F.13.354,NAFAZOLINA NITRATO 1MG,0.843
NEMAX SOL RECTAL 16%/6% AD 133ML CR FAHD,5.50,E.F.43.190,FOSFATO ACIDO DE SODIO FOSFATO DE SODIO,0.777
NEMAX-P FCO SOL PED 16% 66.6ML CR FAHD,5.50,E.F.G.44.357,FOSFATO ACIDO DE SODIO+ FOSFATO DE SODIO,0.744
NEUROMIX AMP SOL INY 3ML X1 LETI,5.03,E.F.39.021,VITAMINA B12/B1/B6,0.774
NEUROMIX AMP SOL INY 3ML X3 LETI,6.72,E.F.39.021,VITAMINA B12/B1/B6,0.774
NIFEDIPINA LP TAB 30MG X30 CR DIST,5.44,E.F.G.34.528,NIFEDIPINA 30MG,0.820
NIFEDIPINA SOL ORAL GTAS 20MG/ML CR LATT,5.19,E.F.24.973,NIFEDIPINA 20MG,0.842
NIFEDIPINA TAB REC LS 30MG X30 CR DAC,4.17,E.F.G.34.528,NIFEDIPINA 30MG,0.825
NOGINOX CREM VAG 40G PHARME,6.91,E.F.36.249,NITRATO DE ISOCONAZOL 1%,0.724
OMEBLOC PVO LIOF 40MG X10 BHR,20.79,E.F.G.44.444,OMEPRAZOL  40MG,0.825
OPRANEX CAP 20MG X30 BLUE/M,2.36,E.F.44.095,OMEPRAZOL 20MG  30CAPS,0.828
OPRANEX PVO LIOF INY 40MG X1 BLUE/M,1.58,E.F.44.280,OMEPRAZOL  40MG,0.813
PARACETAMOL JBE 120MG/5ML 120ML PORTU,3.77,E.F.G.43.540,PARACETAMOL 120MG/5ML,0.868
"PATADINE PLUS SOL OFT 0,2% 5ML DIEMA",13.08,E.F.44.305,"OLOPATADINA 0,2%",0.844
"PATALON SOL OFT 0,1% 5ML CAPSUV",7.13,E.F.34.819,"OLOPATADINA 0,1%  5ML",0.850
PATFLUX PVO LIOF SOL INY 40MG X1 ALESS,1.64,E.F.42.565,PANTOPRAZOL 40MG,0.808
PENTOXIFILINA TAB/REC 400MG X 30 ANGELUS,13.53,E.F.G.34.155,PENTOXIFILINA 400MG  30TAB,0.833
PEPSADEL TAB MAST 262MG X12 DISK,7.84,E.F.44.522,SUBSALICILATO DE BISMUTO 262MG,0.840
POENKERAT SOL OFT  0.5% 5ML MEG,9.09,E.F.41.980,KETOROLAC,0.840
POENTOBRAL GEL 5G MEG,19.91,E.F.31.563,TOBRAMICINA+DESAMETASONA,0.769
POENTOBRAL PLUS SOL OFT 5ML MEG,7.14,E.F.31.563,TOBRAMICINA+DESAMETASONA,0.809
POENTOBRAL SOL OFT 5ML MEG,6.99,E.F.31.563,TOBRAMICINA+DESAMETASONA,0.776
PREDNISONA SUSP 5MG/5ML 60ML PORTU,3.47,E.F.G.43.937,PREDNISONA 5MG  100TAB,0.874
PREGATAN TAB 75MG X30 ZORIAK,7.88,E.F.44.199,PREGABALINA 75MG  30TAB,0.813
PROFLOX SUSP PED1G/5ML MENTA 200ML ANG/H,16.14,E.F.43.545,SUCRALFATO,0.827
PROVUNI TAB 10MG X28 UNIPH,3.71,E.F.G.43.537,ACETATO DE MEDROXIPROGESTERONA 10MG,0.805
PULMOLIX PVO 600MG NAR SOB X10 MMF,20.97,E.F.44.057,N-ACETILCISTEINA 600MG,0.828
RANIFLUX COMP REC 150MG X10 ALESS,2.94,E.F.G.40.781,RANITIDINA 150MG,0.818
RESECAL PVO 10MG SOB X10 DISK,15.74,E.F.44.237,RACECADOTRILO 10MG,0.855
RIFENDI COMP REC 200MG X10 ZUOZ,12.96,E.F.39.775,RIFAXIMINA 200MG,0.809
RIFENDI COMP REC 550MG X10 ZUOZ,32.42,E.F.42.149,RIFAXIMINA 550MG,0.809
RINGER LACTATO SOL #19 500ML BHR,4.79,E.F.G.32.579,RINGER LACTATO 500ML,0.834
RINGER LACTATO SOL 500ML ZUZU,2.41,E.F.G.32.579,RINGER LACTATO 500ML,0.859
RINGER LACTATO SOL INF 500ML BLUE/M,1.99,E.F.G.32.579,RINGER LACTATO 500ML,0.839
RIVAREX COMP REC 10MG  X30 DLR,10.93,E.F.43.643,RIVAROXABAN 10MG,0.831
RONIPRAZOL SOB 10G X10 RNV,13.91,E.F.38.530,ESOMEPRAZOL,0.849
RONIPRAZOL TAB 40MG X14 RNV,6.47,E.F.G.35.847,ESOMEPRAZOL 40MG,0.826
ROSUVASTATINA TAB REC 20MG X30 PHARMA,6.92,E.F.G.42.632,ROSUVASTATINA 20MG,0.833
SACUMIC COMP REC 50MG X30 MEG,25.97,E.F.44.529,SACUBITRILO+ VALSARTAN 50MG,0.857
SAL D/EPSOM SOB 20G BIOF,1.35,E.F.G.37.696,SULFATO DE MAGNESIO,0.787
SAL D/HIGUERA SOB 20G BIOF,1.35,E.F.G.37.696,SULFATO DE MAGNESIO,0.793
"SALES D/REHIDRAT SOB 20,5G X10 KMP",10.41,E.F.G.42.230,GLUCOSA CLORURO DE SODIO,0.802
"SALINAX SOL NASAL 0,9% 50ML CLX",6.90,E.F.42.256,"CLORURO DE SODIO 0,9%",0.889
SIGTIPHIN COMP REC 200MG X10 MEY,8.78,E.F.G.40.011,FLAVOXATO  200MG,0.801
SIGTIPHIN COMP REC 200MG X20 MEY,15.99,E.F.G.40.011,FLAVOXATO  200MG,0.801
SILVEDERMA CREM 1% X 50G,12.40,E.F.30.785,SULFADIAZINA DE PLATA 1%,0.868
SILVEDERMA CREM TOPICA 500G MDF,47.35,E.F.30.785,SULFADIAZINA DE PLATA 1%,0.824
SIMETICONA SALUDX CAP 125MG X 10 RJR,3.49,E.F.38.633,SIMETICONA 125MG 10CAP BLANDA,0.742
SIMULTAN COMP REC 50MG/850MG X30 DLR,17.71,E.F.43.590,SITAGLIPTINA 50MG + METFORMINA CLORHIDRATO 500MG,0.846
SINALER M TAB REC 5MG/10MG X30 ALESS,7.58,E.F.39.603,DESLORATADINA 5MG,0.853
SINALER TAB 5MG X10 ALESS,1.18,E.F.39.603,DESLORATADINA 5MG,0.858
SINMEGAS CAP BLD 125MG X20 SIEG,7.91,E.F.43.556,SIMETICONA 125MG 10CAPS,0.862
SINMEGAS CAP BLD 125MG X30 SIEG,11.64,E.F.43.556,SIMETICONA 125MG 10CAPS,0.845
SINUX TAB/REC 5MG/60MG X 10,5.70,E.F.35.116,LORATADINA 5MG PSEUDOEFEDRINA 60MG,0.811
SITOMET TAB 50MG/500MG X10 CAPSUV,9.19,E.F.44.749,SITAGLIPTINA 50MG  METFORMINA 500MG 10TAB,0.838
SOMERGAN LOC TOP 60ML INTERCOS,4.43,E.F.G.42.849,PERMETRINA 5%,0.776
SUCORIL TAB USP 1G X20 MEDV,7.73,E.F.26.303,SUCRALFATO 1G,0.811
SULTAMICILINA SUSP 250MG/5/100ML CRDIST,18.30,E.F.G.30.367,SULTAMICILINA  250MG,0.878
SYNARTRON TAB REC 60MG X10 FC,5.06,E.F.43.518,ETORICOXIB 60MG,0.823
TADAFOX TAB/REC 5MG X 15,4.09,E.F.44.180,TADALAFILO 5MG,0.826
TALERC SOL GTS 10MG/ML 15ML DLR,2.19,E.F.33.286,CETIRIZINA 10MG 10COMP,0.859
TALFIDEX TAB REC 20MG X2 PLX,1.71,E.F.43.947,TADALAFILO 20MG,0.820
TALYSTOR TAB MAST 20MG X1 PHARME,1.57,E.F.43.499,TADALAFILO 20MG,0.822
"TAMDURIDE CAP 0,4/0,5MG X30 ZORIAK",17.69,E.F.44.389,TAMSULOSINA DUTASTERIDE 0.4MG/5MG,0.888
"TAMSUPROS CAP 0,4MG X30 ZORIAK",14.24,E.F.G.42.589,"TAMSULOSINA 0,4MG  30TAB",0.864
"TANTUM VERDE PAST DENT 0,5% X 60G",5.74,E.F.41.676,"BENCIDAMINA 0,5% 60GR",0.824
TAXUS COMP 20MG X30 ADIUM,13.54,E.F.26.140,TAMOXIFENO 20MG,0.844
TENSOMED SUSP ORAL 20MG/ML 10ML PHAR,7.55,E.F.24.973,NIFEDIPINA  20MG,0.877
TERBICRYM LOC 1% 30ML AV,7.79,E.F.34.224,TERBINAFINA 1%,0.839
TERBIFEET CREM TOP 1% 20G TIAR,2.92,E.F.34.224,TERBINAFINA  1%,0.840
TIROXIN TAB 100MG X50 MEY,17.17,E.F.G.42.576,LEVOTIROXINA 100MCG  50TAB,0.833
TODEX SUSP OFT 5ML L.O,9.18,E.F.43.940,TOBRAMICINA + DEXAMETASONA,0.787
"TOMYCIN SOL OFT 0,3% 5ML CAPSUV",4.83,E.F.43.863,"TOBRAMICINA 0,3% 5ML",0.870
TOPISEPT CREM 2% 15G MEY,25.31,E.F.44.362,ACIDO FUSIDICO,0.880
TRANGOLATT TAB/REC 200MG X 10,5.19,E.F.25.910,AMIODARONA 200MG 10TAB,0.788
TRILEPTAMEDC SUSP 6% 300MG/5ML 100ML IPS,12.34,E.F.G.43.862,OXCARBAZEPINA 300MG/5ML,0.787
TRUSOMIDA SOL OFT 2% 5ML DIEMA,12.45,E.F.44.676,DORZOLAMIDA 2%,0.853
UDOX CAP 75MG X10 DLR,8.46,E.F.39.978,DICLOFENAC COLESTIRAMINA 75MG 10CAPS,0.827
VALPROTAN TAB REC 500MG X30 ZORIAK,13.13,E.F.23.174,ACIDO VALPROICO 500MG,0.818
VALTAN TAB 160MG X30 ZORIAK,10.46,E.F.G.44.208,VALSARTAN 160MG  30TAB,0.842
VARIFLON TAB 450MG/50MG X30 TIAR,11.57,E.F.44.209,DIOSMINA 450MG + HESPERIDINA 50MG,0.831
VAXIDUO OVU 100MG/400MG X7 CLX,10.84,E.F.42.255,CLINDAMICINA 100MG KETOCONAZOL 400MG,0.850
"VERALEN GEL 1,16% 50G COFA",6.72,E.F.43.973,"DICLOFENAC DIETILAMONIO 1,16%",0.887
VICZIN TAB MAST 500MG/15MG X30 FC,10.64,E.F.43.669,ACIDO ASCORBICO+SULFATO DE ZINC,0.846
VITADYN C TAB EFERV GRAPEFRUIT X10 L.O,13.29,E.F.G.42.932,VITAMINA C + ZINC,0.813
VITADYN C TAB MAST FRUTAS TROP 10X10 L.O,14.86,E.F.G.42.932,VITAMINA C + ZINC,0.823
VIZERUL COMP REC 300MG X10 DLR,10.21,E.F.24.761,RANITIDINA 300MG 10COMP,0.829
XANEXTRA COM 500MG X 21,12.00,E.F.41.121,ACIDO TRANEXANICO 500MG,0.787
ZANAX CREM VAG 2% 20G BLUE/M,4.09,E.F.35.193,CLOTRIMAZOL 2% 20GR,0.841
ZIFAR CAP BLD 50MG X30 BIOFAR,5.45,E.F.42.702,GLUCONATO DE ZINC 50MG,0.799
ZOCLONAX TAB/REC 7.5MG X 10 LA SANTE,6.84,E.F.43.206,"ZOPICLONA 7,5MG 10TAB",0.831