producto_id,sku,nombre_comercial,molecula,forma,laboratorio,costo_usd,precio_usd,score,nombre_farmanselmo,precio_bs,imagen,farmanselmo_id,categoria_slug
37769,ME42521,CITRAPOL SOLUCION,Citrico Acido,LOCION,"S.M. PHARMA, C.A.",4.94,8.23,1.070,NIOSILIN ACIDO BENZOICO+ACIDO SALICILICO+AZUFRE+MENTOL+CAOLIN+DIOXIDO DE TITANIO CREMA x20GR VARGAS (E),"Bs. 4.508,38",https://pccentro.net.ve/img/s/2/5/6/9/2/25692-large_default.webp,471646,farmacia-1/dermatologicos
39531,ME26276,KETOCONAZOL 2% CREMA,Ketoconazol,CREMA,"LABORATORIOS KIMICEG, C.A.",2.31,3.85,1.000,KETOCONAZOL 2% CREMA (E),"Bs. 1.949,11",https://pccentro.net.ve/img/s/5/9/3/8/5/59385-large_default.webp,737515,farmacia-1/dermatologicos
37566,ME26475,BETADINE 8 % SOLUCION TOPICO BUCAL,,SOLUCION TOPICA,LABORATORIOS FARMA S.A.,6.41,10.68,0.990,PROSOLVIT VITAMINA B1+B2+B3+B6+B12+VITAMINA C+VITAMINA D3+VITAMINA A SOLUCION EN GOTAS x15CC  MEGALA (E),"Bs. 6.254,11",https://pccentro.net.ve/img/s/8/6/8/1/5/86815-large_default.webp,530360,farmacia-1/tracto-alimentario-y-metabolis
39152,ME34772,CLOTRIMAZOL 1 % CREMA VAGINAL,Clotrimazol,CREMA,"LABORATORIOS KIMICEG, C.A.",2.39,3.98,0.914,CLOTRIMAZOL 1% CREMA VAGINAL (E),"Bs. 2.330,46",https://pccentro.net.ve/img/s/7/6/6/9/9/76699-large_default.webp,737102,cuidado-personal/cuidado-intimo
39354,ME42186,REHIDROSOL 60 mEq / L SOLUCION ELECTROLITICA USO ORAL SABOR A MANZANA,,SOLUCION ORAL,"LABORATORIO BEHRENS, C.A.",4.12,6.87,0.865,REHIDROSOL SOLUCION ELECTROLITICA ORAL 60 MEQ/L SABOR MANZANA x600ML BEHRENS (E),"Bs. 4.567,70",https://pccentro.net.ve/img/s/7/7/6/3/3/77633-large_default.webp,477324,farmacia-1/tracto-alimentario-y-metabolis
37971,ME43320,DOLCAN 9 mg / 5 mL SUSPENSION ORAL,,SOLUCION ORAL,MEGALABS S.A.,5.58,9.30,0.857,DOLCAN DICLOFENAC POTASICO 9MG/5ML SUSPENSION ORAL PEDIATRICA x120 ML MEGALABS (E),"Bs. 5.491,41",https://pccentro.net.ve/img/s/8/0/6/3/3/80633-large_default.webp,475122,farmacia-1/sistema-musculoesqueletico
37739,ME27924,CICLOFTAL1 % SOLUCION OFTALMICA,Ciclopentolato,SOLUCION OFTALMICA,"LABORATORIOS L.O. OFTALMI, C.A.",33.24,55.40,0.853,TOPTEAR HIALURONATO DE SODIO 4MG/ML SOLUCION OFTALMICA EN GOTAS x10ML POEN MEGALABS (E),"Bs. 5.288,03",https://pccentro.net.ve/img/s/7/9/9/4/0/79940-large_default.webp,473100,farmacia-1/organos-de-los-sentidos
39458,ME42403,CLINDAMICINA 1% GEL TOPICO,Clindamicina,GEL,"LABORATORIOS SPEFAR VENEZOLANOS, S.A.",1.99,3.32,0.830,ARTROVIT GEL USO TOPICO GLUCOSAMINA  COLAGENO ACIDO HIALURONICO CONDROITIN MAGNESIO MENTA ARNICA ACE (E),"Bs. 5.940,55",https://pccentro.net.ve/img/s/3/5/1/9/1/35191-large_default.webp,473535,farmacia-1/proteccion-osteoarticular
38809,ME28901,SULFADIAZINA DE PLATA 1 % CREMA,,CREMA,"LABORATORIOS KIMICEG, C.A.",5.52,9.20,0.827,DILFAMID SULFADIAZIDA DE PLATA CREMA 1% (E),"Bs. 3.737,21",https://pccentro.net.ve/img/s/8/0/3/1/3/80313-large_default.webp,380469,cuidado-personal/cuidado-intimo
39594,ME43863,"TOMYCIN 0,3 % SOLUCIÓN OFTALMICA",Tobramicina,SOLUCION OFTALMICA,THE IBN SINA PHARMACEUTICAL INDUSTRY LTD,4.83,8.05,0.826,TOMYCIN (TOBRAMICINA) GOTAS OFT X5ML (E),"Bs. 2.957,57",https://pccentro.net.ve/img/s/5/6/7/6/5/56765-large_default.webp,724865,farmacia-1/organos-de-los-sentidos
39352,ME42185,REHIDROSOL 45 mEq/L SOLUCION ELECTROLITICA USO ORAL SABOR A FRAMBUESA,,SOLUCION ORAL,"LABORATORIO BEHRENS, C.A.",5.15,8.58,0.822,REHIDROSOL SOLUCION ELECTROLITICA ORAL 45MEQ SABOR FRESA x600ML BEHRENS (E),"Bs. 3.949,07",https://pccentro.net.ve/img/s/7/7/6/2/4/77624-large_default.webp,477372,farmacia-1/tracto-alimentario-y-metabolis
39014,ME42908,ACETAMINOFEN 120 mg / 5 mL X 10 SOLUCION ORAL,,SOLUCION ORAL,"LABORATORIOS L.O. OFTALMI, C.A.",0.36,0.60,0.793,ATAMEL ACETAMINOFEN SOLUCION ORAL 120MG/5ML x120ML CALOX (E),"Bs. 2.466,05",https://pccentro.net.ve/img/s/8/4/1/7/7/84177-large_default.webp,475603,farmacia-1/cuidado-del-sistema-nervioso
39606,,TRAMAL 100 mg / mL SOLUCION ORAL,,,,,1.25,0.793,TRAMAL TRAMADOL GOTAS 100MG/1ML x10 ML GRUNENTHAL CCM (E),"Bs. 24.923,30",https://pccentro.net.ve/img/s/7/4/5/9/5/74595-large_default.webp,475888,farmacia-1/sistema-nervioso-c
39583,ME26303,ULCIRAM 1g/5 mL X 20 SUSPENSION ORAL,,SUSPENSION ORAL,"LABORATORIOS VARGAS, S.A.",7.73,12.88,0.790,ULCRAF SUCRALFATO SUSPENSIÓN ORAL 1GR/5ML x200 ML ZUKATI (E),"Bs. 30.804,61",https://pccentro.net.ve/img/s/7/4/9/4/8/74948-large_default.webp,477275,farmacia-1/tracto-alimentario-y-metabolis
38559,ME44261,NISTATINA 100.000 UI/mL SUSPENSIÓN ,Nistatina,SUSPENSION ORAL,ASPEN BIOPHARMA LABS PVT. LTD.,3.4,5.67,0.789,NISTATINA 100.000UI/ML SUSPENCION (E),"Bs. 5.830,39",https://pccentro.net.ve/img/s/5/5/4/2/9/55429-large_default.webp,530534,farmacia-1/tracto-alimentario-y-metabolis
39020,ME33987,ACIDO FOLICO 10 mg / mL SOLUCION ORAL,Folico Acido,SOLUCION ORAL,"LABORATORIOS LETI, S.A.V.",1.53,2.55,0.788,ACIDO FOLICO GOTAS 10MG/ML x15ML SIEGFRIED (E),"Bs. 5.127,01",https://pccentro.net.ve/img/s/7/5/7/9/6/75796-large_default.webp,473725,farmacia-1/sangre-y-organos-formadores-de
38581,ME43411,PREDNISOLONA ACETATO 1 % SUSPENSION OFTALMICA,,SUSPENSION ORAL,"LABORATORIOS L.O. OFTALMI, C.A.",9.82,16.37,0.784,BIOPRED(PREDNIS- ACETATO)SUS OFTALMICA 1% (E),"Bs. 6.211,74",https://pccentro.net.ve/img/s/5/6/3/5/9/56359-large_default.webp,633923,farmacia-1/organos-de-los-sentidos
39392,ME38822,TERBINAFINA 1 % CREMA,,CREMA,"LABORATORIOS KIMICEG, C.A.",2.87,4.78,0.783,TERBICRYM TERBINAFINA CREMA 1% x20GR VINCENTI AV PHARMA (E),"Bs. 5.601,58",https://pccentro.net.ve/img/s/7/3/6/5/9/73659-large_default.webp,471729,farmacia-1/dermatologicos
38838,ME18855,TAMOA 250 mg / 5 mL X 6 SUSPENSION,,SUSPENSION ORAL,"BIOTECH LABORATORIOS, C.A.",6.91,11.52,0.780,TAMOA PAMOATO DE PIRANTEL 250MG/5ML SUSPENSION ORAL x15 ML BIOTECH (E),"Bs. 3.237,22",https://pccentro.net.ve/img/s/9/5/0/0/7/95007-large_default.webp,526945,farmacia-1/productos-antiparasitarios-in
39577,ME30785,SILVEDERMA 1 % CREMA,,CREMA,LABORATORIO ALDO UNION S.L.,12.4,20.67,0.777,SILVEDERMA SULFADIAZINA PLATA CREMA 1% x50 GR MEDIFARMA (E),"Bs. 8.830,32",https://pccentro.net.ve/img/s/2/4/9/8/0/24980-large_default.webp,525113,farmacia-1/dermatologicos
39335,ME26052,OXOLAMINA 50 mg / 5 mL JARABE,,JARABE,"LABORATORIOS VALMOR, C.A.",3.94,6.57,0.770,OXOLAMINA ANTITUSIGENO JARABE PARA ADULTOS 50 MG/5ML x120 ML VALMORCA (E),"Bs. 3.177,90",https://pccentro.net.ve/img/s/7/5/2/6/3/75263-large_default.webp,241318,farmacia-1/cuidado-del-sistema-respirator
38628,ME8463,OTANOL 50 mg/ml SOLUCION OTICA,,SOLUCION OTICA,"LABORATORIO ETICOS ETIFAR, C.A.",7.61,12.68,0.768,FILINAR SOLUCION ORAL 50MG/5ML (E),"Bs. 8.643,89",https://pccentro.net.ve/img/s/7/4/5/1/7/74517-large_default.webp,476170,farmacia-1/sistema-respiratorio
39595,ME44362,TOPISEPT 2 % CREMA TÓPICA ,Acido Fusidico Hemihidrato,CREMA,LABORATORIOS SIEGFRIED S.A.S.,25.31,42.18,0.767,EPIGENIK-U VITAMINA E+PROVIT B5+UREA+ACIDO HIALURONICO) CREMA TOPICA 10% PIEL EXTRA SECA x180GR FARM,"Bs. 9.245,66",https://pccentro.net.ve/img/s/8/2/8/6/3/82863-large_default.webp,627633,cuidado-personal/cuidado-facial
37893,ME36998,"DESLORATADINA 2,5 mg / 5 mL JARABE",Desloratadina,JARABE,"LABORATORIO LA SANTE, C.A.",6.04,10.07,0.760,HISTALER DESLORATADINA JARABE 5MG/ML x60 ML (E),"Bs. 2.805,03",https://pccentro.net.ve/img/s/8/0/0/8/8/80088-large_default.webp,475922,farmacia-1/sistema-respiratorio
37414,ME28493,AMBROXOL CLORHIDRATO 30 mg / 5 mL JARABE,Ambroxol,JARABE,"LABORATORIO LA SANTE, C.A.",5.92,9.87,0.760,BROXOL ALERG AMBROXOL CLORHIDRATO+LORATADINA (30MG+5MG)/5ML JARABE x100ML PHARMETIQUE (E),"Bs. 4.864,31",https://pccentro.net.ve/img/s/8/0/1/5/3/80153-large_default.webp,475952,farmacia-1/sistema-respiratorio
39472,ME37301,DICLOFENAC SODICO 1% GEL,Diclofenaco,GEL,"LABORATORIOS VARGAS, S.A.",5.09,8.48,0.755,DIFENAC DICLOFENAC SODICO GEL 1% x30GR DOLLDER (E),"Bs. 3.262,64",https://pccentro.net.ve/img/s/2/4/3/7/9/24379-large_default.webp,475085,farmacia-1/sistema-musculoesqueletico
37312,ME43707,ACETAMINOFEN 150 mg / 5 mL JARABE,Acetaminofen,JARABE,AARTI PHARMALABS LIMITED,4.66,7.77,0.755,ACETAMINOFEN JARABE 150MG/5ML x120ML LA SANTE (E),"Bs. 2.830,45",https://pccentro.net.ve/img/s/1/8/1/9/5/18195-large_default.webp,303061,farmacia-1/cuidado-del-sistema-nervioso
38862,ME17508,TILODRIN 30 mg / 15 mL JARABE,,JARABE,LABORATORIOS SIEGFRIED S.A.,4.25,7.08,0.753,TILODRIN DEXTROMETORFANO JARABE 30MG/15ML x120 ML SIEGFRIED (E),"Bs. 5.601,58",https://pccentro.net.ve/img/s/7/5/2/6/1/75261-large_default.webp,309237,farmacia-1/cuidado-del-sistema-respirator
39153,ME26813,CLOTRIMAZOL 1 % CREMA,Clotrimazol,CREMA,"LABORATORIOS LETI, S.A.V.",3.28,5.47,0.748,IMAZOL CLOTRIMAZOL CREMA TOPICA EN TUBO x20 GR MEYER (E),"Bs. 3.338,91",https://pccentro.net.ve/img/s/3/5/8/7/4/35874-large_default.webp,238881,cuidado-personal/cuidado-de-las-manos-y-pies
39249,ME30199,IBUPROFENO 100 mg / 5 mL SUSPENSION ORAL,Ibuprofeno,SOLUCION ORAL,"LABORATORIOS SPEFAR VENEZOLANOS, S.A.",5.55,9.25,0.745,IBUPROFENO SUSPENSION ORAL 100MG/5ML x90ML GENVEN (E),"Bs. 2.982,99",https://pccentro.net.ve/img/s/5/5/0/5/2/55052-large_default.webp,475064,farmacia-1/sistema-musculoesqueletico
38806,ME44260,SUCRALFATO 100 mg / mL SUSPENSION ORAL,,SOLUCION ORAL,"BIOQUIMICA INTERNACIONAL, C.A.",13.56,22.60,0.744,IBUPROFENO 100MG/5ML SUSPENSION ORAL x60ML LA SANTE (E),"Bs. 2.864,35",https://pccentro.net.ve/img/s/4/3/2/1/5/43215-large_default.webp,528724,farmacia-1/sistema-musculoesqueletico
38365,ME22407,LISOMUCIN 8 mg / 5 mL JARABE,,JARABE,"LABORATORIOS SPEFAR VENEZOLANOS, S.A.",3.36,5.60,0.740,LISOMUCIN (BROMEXINA) JARABE ADULTO 8MG/5ML (E),"Bs. 2.855,87",https://pccentro.net.ve/img/s/2/5/2/6/0/25260-large_default.webp,529527,farmacia-1/sistema-respiratorio
37729,ME32490,CETIRIZINA 1 mg / mL SOLUCION ORAL,Cetirizina,SOLUCION ORAL,"LABORATORIOS KIMICEG, C.A.",1.83,3.05,0.739,TALZIC CETIRIZINA SOLUCION ORAL 1 MG/ML USO PEDIATRICO x120ML ELMOR (E),"Bs. 2.423,68",https://pccentro.net.ve/img/s/9/6/0/9/3/96093-large_default.webp,476115,farmacia-1/sistema-respiratorio
38732,HO1370B,SOLUCION DE RINGER LACTATO (SOLUCION DE HARTMANN) INYECTABLE,,INYECTABLE,"LABORATORIO BEHRENS, C.A.",1.98,3.30,0.723,RINGER LACTATO SOL (E),"Bs. 4.245,67",https://pccentro.net.ve/img/s/3/6/1/2/4/36124-large_default.webp,729015,farmacia-1/sangre-y-organos-formadores-de
38880,ME42035,TONERVOL 5 mg X 30 TABLETAS,,TABLETAS,LABORATORIOS FARMA S.A.,17.81,29.68,0.721,SOLIFTEN (SOLIFENACINA) 5MG X30 TABLETAS REC ZORIAK (E),"Bs. 20.169,07",https://pccentro.net.ve/img/s/8/2/7/7/1/82771-large_default.webp,725117,farmacia-1/sistema-genitourinario-y-hormo
39344,ME24456,CARNITENE 1 g / 10 mL SOLUCION ORAL,,SOLUCION ORAL,"LABORATORIOS ELMOR, S.A.",7.53,12.55,0.714,LECART L-CARNITINA SOLUCIÓN ORAL 1G/10ML x60ML (E),"Bs. 5.177,86",https://pccentro.net.ve/img/s/7/8/8/5/9/78859-large_default.webp,476852,farmacia-1/tracto-alimentario-y-metabolis
39146,ME34986,GYNO CLOCIM 1% CREMA VAGINAL,Clotrimazol,CREMA,"LABORATORIOS KIMICEG, C.A.",2.41,4.02,0.711,GYNO CLONEDAC (CLOTRIMAZOL) CREMA VAGINAL (E),"Bs. 1.601,66",https://pccentro.net.ve/img/s/5/3/8/6/2/53862-large_default.webp,474802,farmacia-1/sistema-genitourinario-y-hormo
38515,ME40494,"MOXIDEX 0,5 -0,1 % SOLUCION OFTALMICA ESTERIL",,SOLUCION OFTALMICA,"LABORATORIOS L.O. OFTALMI, C.A.",18.75,31.25,0.709,MILAX POLIETILENGLICOL SOLUCIÓN ORAL 50% (E),"Bs. 7.228,66",https://pccentro.net.ve/img/s/7/4/1/8/1/74181-large_default.webp,707238,farmacia-1/tracto-alimentario-y-metabolis
39092,ME20308,BACITRACINA 500 UI / g UNGUENTO,Bacitracina,UNGUENTO,MEGALABS S.A.,4.24,7.07,0.708,BACITRACINA UNGÜENTO EN CREMA 500 UI/GR x20GR DAC55 (E),"Bs. 1.822,00",https://pccentro.net.ve/img/s/7/3/4/1/3/73413-large_default.webp,471682,farmacia-1/dermatologicos
38763,ME16041,SALBUTAN 100 mcg / DOSIS X 200 SUSPENSION PARA INHALACION ORAL,,SUSPENSION ORAL,GLAXO WELCOME S.A.,12.36,20.60,0.708,CORTYNASE SUSP NASAL 80 DOSIS (E),"Bs. 5.652,42",https://pccentro.net.ve/img/s/7/4/5/7/0/74570-large_default.webp,476217,farmacia-1/sistema-respiratorio
38394,ME27541,LOREX 1 mg / mL JARABE,Loratadina,JARABE,"ESPECIALIDADES DOLLDER, C.A.",2.54,4.23,0.703,LOREX LORATADINA JARABE 1MG/ML x60ML DOLLDER (E),"Bs. 1.822,00",https://pccentro.net.ve/img/s/7/5/4/0/7/75407-large_default.webp,260264,farmacia-1/cuidado-del-sistema-respirator
37609,ME39097,BROFLEMA 8 mg / 5 mL SOLUCION ORAL,,SOLUCION ORAL,"BIOTECH LABORATORIOS, C.A.",4.03,6.72,0.700,VALERIANA 10% SOLUCION ORAL EN GOTAS x30 ML SOMA (E),"Bs. 2.974,51",https://pccentro.net.ve/img/s/3/9/4/9/3/39493-large_default.webp,471289,farmacia-1/cuidado-del-sistema-nervioso
38075,ME27405/2,FERGANIC 40 mg X 14 CAPSULAS,,CAPSULAS,MEGALABS S.A.,10.13,16.88,0.699,ESOMEPRAZOL ESOZ CAPSULAS 40MG X14 CAPS PHARMETIQUE (E),"Bs. 7.143,92",https://pccentro.net.ve/img/s/7/5/7/6/4/75764-large_default.webp,476820,farmacia-1/tracto-alimentario-y-metabolis
39413,ME36008,VITAMINA C 50 mg / 5 mL JARABE,Ascorbico Acido,JARABE,"LABORATORIOS VARGAS, S.A.",3.61,6.02,0.695,VITAMINA C (ACIDO ASCORBICO) JARABE 50MG/5ML x120 ML FC PHARMA (E),"Bs. 7.143,92",https://pccentro.net.ve/img/s/7/7/8/3/6/77836-large_default.webp,477346,farmacia-1/tracto-alimentario-y-metabolis
39134,ME36608,CETIRIZINA CLORHIDRATO 10 mg / mL SOLUCION ORAL GOTAS,Cetirizina,SOLUCION ORAL,"LABORATORIOS SPEFAR VENEZOLANOS, S.A.",2.76,4.60,0.694,TALZIC CETIRIZINA GOTAS 10 MG/ML x20 ML ELMOR (E),"Bs. 1.898,27",https://pccentro.net.ve/img/s/9/4/7/7/3/94773-large_default.webp,239640,farmacia-1/cuidado-del-sistema-respirator
39120,ME44634,CAMPAL P 15 mg / mL SUSPENSIÓN ORAL,Diclofenaco,SOLUCION ORAL,LABORATORIOS SIEGFRIED S.A.,7.33,12.22,0.692,OFAFLAN DICLOFENAC POTASICO SUSPENSION EN GOTAS 15MG/ML x30 ML ELMOR (E),"Bs. 1.974,54",https://pccentro.net.ve/img/s/8/0/5/5/6/80556-large_default.webp,528554,farmacia-1/sistema-musculoesqueletico
37466,ME31329/4,ANGRIP X 15 COMPRIMIDOS,,COMPRIMIDOS,MEGALABS S.A.,6.23,10.38,0.690,ANGRIP FORTE ACETAMINOFEN CAFEINA CLORFENIR 650 MG 24 HORAS X15 TAB MEGALABS (E),"Bs. 2.423,68",https://pccentro.net.ve/img/s/7/6/9/9/7/76997-large_default.webp,476178,farmacia-1/sistema-respiratorio
37304,ME44030,ACIDO VALPROICO 250 mg / 5 mL JARABE,Valproato Sodio,JARABE,CAPLIN POINT LABORATORIES LIMITED,12.86,21.43,0.689,ACIDO VALPROICO JARABE 250MG/5ML x180 ML ZIEL PHARMA (E),"Bs. 11.016,72",https://pccentro.net.ve/img/s/7/2/3/7/5/72375-large_default.webp,529192,farmacia-1/cuidado-del-sistema-nervioso
39408,ME998,VITAMINA C 100 mg/5 ml JARABE,Ascorbico Acido,JARABE,MEGALABS S.A.,4.24,7.07,0.681,VITAMINA C (ACIDO ASCORBICO) JARABE 100MG/5ML x120 ML KLINOS (E),"Bs. 3.321,96",https://pccentro.net.ve/img/s/7/7/8/3/5/77835-large_default.webp,476910,farmacia-1/tracto-alimentario-y-metabolis
39242,ME27231,GYNOVIT SOLUCION DUCHA VAGINAL,Acetico Acido,LOCION,"LABORATORIOS VARGAS, S.A.",3.79,6.32,0.681,NOGINOX CREMA VAGINAL 1% (E),"Bs. 4.482,96",https://pccentro.net.ve/img/s/2/5/7/1/7/25717-large_default.webp,474706,farmacia-1/sistema-genitourinario-y-hormo
38250,ME36328,IPORET 40 mg / mL SUSPENSION ORAL GOTAS,Ibuprofeno,SOLUCION ORAL,"LABORATORIOS L.O. OFTALMI, C.A.",4.72,7.87,0.678,IPORET IBUPROFENO SUSPENSION ORAL DE USO PEDIATRICO 40MG/ML x30ML OFTALMI (E),"Bs. 3.999,92",https://pccentro.net.ve/img/s/2/3/4/1/6/23416-large_default.webp,528510,farmacia-1/sistema-musculoesqueletico
39582,ME42849,PERMETRINA 5 % LOCION,Permetrina,LOCION,AUROCHEM LABORATORIES (INDIA) PVT. LTD.,4.43,7.38,0.677,LOCION LIMPIADORA CREMA FACIAL GERMEN DE TRIGO X60GR BIOS,"Bs. 7.593,06",https://pccentro.net.ve/img/s/1/9/4/1/9/19419-large_default.webp,240358,cuidado-personal/cuidado-facial
37918,ME35040,"DIAGESIC 1,8 mg / mL SUSPENSION ORAL",,SUSPENSION ORAL,"BIOTECH LABORATORIOS, C.A.",7.38,12.30,0.673,KLINCOSAL SUSPENSIÓN ORAL FRESA (E),"Bs. 5.762,59",https://pccentro.net.ve/img/s/7/5/4/8/3/75483-large_default.webp,706167,farmacia-1/cuidado-gastrointestinal-y-met
39080,ME19620,ATAMEL 100 mg / mL SOLUCION ORAL,Acetaminofen,SOLUCION ORAL,"CALOX INTERNATIONAL, C.A.",3.2,5.33,0.671,ACEVAL ACETAMINOFENO 100MG/1ML SOLUCIÓN PEDIATRICO EN GOTAS x30ML VALMORCA (E),"Bs. 3.194,85",https://pccentro.net.ve/img/s/7/6/9/4/7/76947-large_default.webp,528923,farmacia-1/cuidado-del-sistema-nervioso
39323,ME40510,"OLMESARTAN MEDOXOMIL - HIDROCLOROTIAZIDA 40 mg - 12,5 mg COMPRIMIDOS RECUBIERTOS",Hidroclorotiazida,COMPRIMIDOS,"LABORATORIOS LETI, S.A.V.",12.15,20.25,0.661,OLMESARTAN/HIDROCLOROTIAZIDA EUKENE (OLMESARTAN) HCT 40 MG/25 MG X30 COMP MEGALABS (E),"Bs. 10.940,45",https://pccentro.net.ve/img/s/8/3/9/8/9/83989-large_default.webp,527719,farmacia-1/proteccion-cardiovascular
37415,ME29182,CLORHIDRATO DE AMBROXOL 15mg /5mL.SOLUCION ORAL,Ambroxol,SOLUCION ORAL,MEGALABS S.A.,3.17,5.28,0.660,"ARBIXIL AMBROXOL+CLENBUTEROL 7,5MH+5MCG GOTAS x 15ML SIEGFRIED (E)","Bs. 4.991,42",https://pccentro.net.ve/img/s/1/8/1/8/9/18189-large_default.webp,529474,farmacia-1/sistema-respiratorio
39564,ME41980,"DUSTALOX 0,5 % SOLUCION OFTALMICA",,SOLUCION OFTALMICA,LABORATORIOS SOPHIA S.A. DE C.V,9.09,15.15,0.654,SYSTALAN GOTAS OFTALMICA 15ML DIEMA (E),"Bs. 11.110,02",https://pccentro.net.ve/img/s/9/0/9/8/4/90984-large_default.webp,726064,farmacia-1/organos-de-los-sentidos
38248,ME22931,IPALAT 1 % CREMA,Clotrimazol,CREMA,"LABORATORIO COFASA, S.A.",4.82,8.03,0.649,IPALAT CLOTRIMAZOL CREMA 1% x20GR COFASA (E),"Bs. 2.669,44",https://pccentro.net.ve/img/s/2/4/9/7/7/24977-large_default.webp,471644,farmacia-1/dermatologicos
39445,ME32078,BONAC 4% GEL USO TOPICO,Eritromicina,GEL,ARBOFARMA S.A.S.,18.44,30.73,0.648,BONAC ERITROMICINA TOPICA GEL 4% x30GR MEGALABS (E),"Bs. 14.194,70",https://pccentro.net.ve/img/s/4/0/5/2/5/40525-large_default.webp,471604,farmacia-1/dermatologicos
38953,ME37137,VIROSUPRIL 5 % CREMA,Imiquimod,CREMA,ARBOFARMA S.A.S.,31.82,53.03,0.648,VIROSUPRIL IMIQUIMOD CREMA  TOPICA 5% x5 GR MEGALABS LINEA MEDIHEALTH (E),"Bs. 16.847,19",https://pccentro.net.ve/img/s/6/3/2/4/2/63242-large_default.webp,471596,farmacia-1/dermatologicos
39094,ME40374,"BETADERM 0,05 % CREMA",Betametasona,CREMA,"BIOTECH LABORATORIOS, C.A.",2.51,4.18,0.642,BETADERM CON GENTAMICINA BETAMETASONA+GENTAMICINA CREMA x15GR BIOTECH (E),"Bs. 2.999,94",https://pccentro.net.ve/img/s/9/2/6/3/8/92638-large_default.webp,471566,farmacia-1/dermatologicos
38375,ME27475,LONGACEF 100 mg / 5 mL POLVO PARA SUSPENSION,Cefixima,POLVO PARA RECONSTITUCION,"LABORATORIOS LETI, S.A.V.",3.39,5.65,0.632,NITAZOXANIDA POLVO PARA SUSPENSION 100MG/5ML x30 ML DAC55 (E),"Bs. 4.466,01",https://pccentro.net.ve/img/s/6/2/1/7/4/62174-large_default.webp,473421,farmacia-1/productos-antiparasitarios-in
38044,ME35208,"ESPARFLIN 0,5 mg / mL X 10 JARABE",Desloratadina,JARABE,MEGALABS S.A.,3.38,5.63,0.628,DESLORAT DESLORATADINA JARABE 0.5MG/ML x60ML OFTALMI (E),"Bs. 3.898,22",https://pccentro.net.ve/img/s/2/2/8/7/2/22872-large_default.webp,476023,farmacia-1/sistema-respiratorio
39602,ME35193,GYNOCLOCIM 2 % CREMA VAGINAL,Clotrimazol,CREMA,"LABORATORIOS KIMICEG, C.A.",4.09,6.82,0.622,FUGOLIN CREMA VAGINAL 1% (E),"Bs. 5.618,53",https://pccentro.net.ve/img/s/2/4/7/9/1/24791-large_default.webp,474661,farmacia-1/sistema-genitourinario-y-hormo
39210,ME44388/3,FARMAD 200UI/gota X 30 SOLUCION ORAL,Vitamina D3,GOTAS,LABORATORIOS FARMA S.A.,3.97,6.62,0.622,FARMA D VITAMINA D3 GOTAS 200 UI x10 ML FARMA (E),"Bs. 7.101,55",https://pccentro.net.ve/img/s/7/2/5/5/9/72559-large_default.webp,725458,vitaminas-y-fitness/suplementos-nutricionales
37734,ME33334/2,VITAMINA C 500 mg X 15 TABLETAS MASTICABLES SABOR A PIÑA,,TABLETAS,"CALOX INTERNATIONAL, C.A.",4.96,8.27,0.620,VITAMINA C 500 MG CHICLE TIRA X10 TAB/MAST LA SANTE (E),"Bs. 838,97",https://pccentro.net.ve/img/p/1/8/6/6/2/2/186622-large_default.webp,748854,farmacia-1/tracto-alimentario-y-metabolis
38431,ME23582,"MATILOL 0,5 % SOLUCION OFTALMICA",Timolol,SOLUCION OFTALMICA,"LABORATORIOS L.O. OFTALMI, C.A.",11.96,19.93,0.617,MATILOL TIMOLOL 0.50% GOTAS OFTALMICAS x6ML OFTALMI (E),"Bs. 9.932,08",https://pccentro.net.ve/img/s/9/2/5/4/5/92545-large_default.webp,473096,farmacia-1/organos-de-los-sentidos
39127,ME43086,"CARICEL 2 mg - 0,02 mg COMPRIMIDOS RECUBIERTOS",Etinilestradiol,COMPRIMIDOS,"LABORATORIOS LETI, S.A.V.",19.52,32.53,0.610,DANIELE COMPRIMIDO REC 2MG/0.035MG X 21 CCM (E),"Bs. 12.389,57",https://pccentro.net.ve/img/s/2/4/5/3/2/24532-large_default.webp,528351,farmacia-1/sistema-genitourinario-y-hormo
39016,ME42715,ACICLOR NANOPHARM 5 % CREMA,Aciclovir,CREMA,"LABORATORIOS LETI, S.A.V.",10.45,17.42,0.610,ACICLOVIR 5% CREMA x5GR KMPLUS (E),"Bs. 1.152,52",https://pccentro.net.ve/img/s/3/5/9/5/9/35959-large_default.webp,266376,cuidado-personal/cuidado-de-las-manos-y-pies
39511,ME32076,"SYMBICORT TURBUHALER 160 mcg - 4,5 mcg / DOSIS X 60 POLVO INHALACION ORAL",Budesonida - Formoterol,POLVO PARA RECONSTITUCION,ASTRAZENECA A.B,67.39,112.32,0.609,FULBARYL POLVO PARA INHALACIÓN EN CÁPSULAS 160MCG/4.5MCG (E),"Bs. 18.448,85",https://pccentro.net.ve/img/s/3/3/7/8/3/33783-large_default.webp,476294,farmacia-1/sistema-respiratorio
39418,ME32679,"ACRYLARM 0,2 % GEL OFTALMICO",,GEL,LABORATORIOS POEN S.A.U.,27.4,45.67,0.607,ACRYLARM ACIDO POLIACRILICO GEL 0.2% x10 GR POEN MEGALABS (E),"Bs. 12.245,59",https://pccentro.net.ve/img/s/7/5/5/4/6/75546-large_default.webp,473105,farmacia-1/organos-de-los-sentidos
38521,ME40502,MUCOMAX 15 mg / 5 mL SOLUCION ORAL USO PEDIATRICO,Ambroxol,SOLUCION ORAL,"LABORATORIOS KIMICEG, C.A.",3.01,5.02,0.606,MUCOMAX PLUS JARABE (E),"Bs. 2.957,57",https://pccentro.net.ve/img/s/2/5/5/2/0/25520-large_default.webp,529836,farmacia-1/sistema-respiratorio
39576,ME42256,"FLUDINAX 0,9 % SOLUCION NASAL",,SOLUCION NASAL,"LABORATORIO BEHRENS, C.A.",6.9,11.50,0.602,SINUS RINSE ADULT POLVO SOL NASAL (E),"Bs. 13.076,08",https://pccentro.net.ve/img/s/6/5/2/5/5/65255-large_default.webp,706946,farmacia-1/sistema-respiratorio
39542,ME43601,MINOXIDIL FORTE 5% SOLUCION TOPICA,Minoxidil,SOLUCION TOPICA,"LABORATORIO LA SANTE, C.A.",12.96,21.60,0.601,ARNICA FC FORTE GEL CORPORAL AMARILLO TARRO PARA MASAJES CON ESTRATO DE HOJA DE MANGO x250GR FC PHAR,"Bs. 2.847,40",https://pccentro.net.ve/img/s/8/0/4/3/6/80436-large_default.webp,475321,farmacia-1/sistema-musculoesqueletico