ef,sku,nombre_comercial,forma,costo_usd,precio_usd
P.F.1.370,HO1370B,SOLUCION DE RINGER LACTATO (SOLUCION DE HARTMANN) INYECTABLE,INYECTABLE,1.98,3.30
E.F.G.15.879,HO15879,MANITOL AL 18 % SOLUCION INYECTABLE INTRAVENOSA,INYECTABLE,10.34,17.23
P.F.1.672,HO1672,SOLUCION ISOTONICA DE CLORURO DE SODIO(SOL.FISIOLOGICA)PARENTERAL,INYECTABLE,1.7,2.83
E.F.G.1.694,HO1694,AGUA DESTILADA ESTERIL SOLUCION INYECTABLE,INYECTABLE,7.97,13.28
E.F.20.294,HO20294,DECOBEL 8 mg / 2 mL SOLUCION INYECTABLE,INYECTABLE,4.39,7.32
E.F.G.21.515,HO21515,FOSFATO DE POTASIO MONOBASICO 1 mEq / mL SOLUCION INYECTABLE I.V.,INYECTABLE,6.05,10.08
E.F.G.29.420,HO29420,CEFTRIAXONA 1 g POLVO PARA SOLUCION INYECTABLE,INYECTABLE,2.6,4.33
E.F.29.980,HO29980,POLIAMIN 10 % (AMINOACIDOS CRISTALINOS) SOLUCION INYECTABLE INTRAVENOSA,INYECTABLE,40.71,67.85
E.F.30.851,HO30851,BACTRIZOL 5 mg / mL SOLUCION INYECTABLE PARA INFUSION INTRAVENOSA,INYECTABLE,8.56,14.27
E.F.G.32.515,HO32515,CLORURO DE SODIO AL 20 % SOLUCION HIPERTONICA INYECTABLE,INYECTABLE,8.28,13.80
E.F.G.32.556,HO32556,GLUCONATO DE CALCIO AL 10 % SOLUCION INYECTABLE,INYECTABLE,9.1,15.17
E.F.G.32.565,HO32565,DEXTROSA AL 5 % EN AGUA DESTILADA SOLUCION INYECTABLE,INYECTABLE,4.97,8.28
E.F.G.32.579,HO32579,SOLUCION RINGER LACTATO (SOLUCION HARTMAN) INYECTABLE,INYECTABLE,1.99,3.32
E.F.G.32.804,HO32804,AGUA BIDESTILADA INYECTABLE,INYECTABLE,5.57,9.28
E.F.G.32.824,HO32824,LIDOCAINA - EPINEFRINA 2 % - 1:50.000 SOLUCION INYECTABLE,INYECTABLE,12.21,20.35
E.F.G.33.361,HO33361,METRONIDAZOL 500 mg / 100 mL SOLUCION PARA INFUSION INTRAVENOSA,INYECTABLE,1.45,2.42
E.F.33.373,HO33373,DECA LENTERMINA COMPLEX SOLUCION INYECTABLE,INYECTABLE,5.69,9.48
E.F.33.694,HO33694,VORCUM 200 mg POLVO LIOFILIZADO PARA SOLUCION PARA INFUSION,INYECTABLE,68.35,113.92
E.F.G.35.867,HO35867,BUTILBROMURO DE HIOSCINA 20 mg / ml SOLUCION INYECTABLE,INYECTABLE,5.34,8.90
E.F.36.034,HO36034,LEVOTEC 5 mg / mL SOLUCION INYECTABLE PARA INFUSION INTRAVENOSA,INYECTABLE,9.75,16.25
E.F.36.380,HO36380,CLINDOX - D 12 mg / mL SOLUCION INYECTABLE PARA INFUSION INTRAVENOSA,INYECTABLE,7.46,12.43
E.F.G.37.055,HO37055,CLORURO DE POTASIO 2 mEq /ml SOLUCION INYECTABLE,INYECTABLE,10.53,17.55
E.F.G.37.449,HO37449,LEVOFLOXACINA 500 mg/100mL SOLUCION PARA INFUSION INTRAVENOSA,INYECTABLE,1.51,2.52
E.F.G.37.696,HO37696,SULFATO DE MAGNESIO 10 % SOLUCION INYECTABLE,INYECTABLE,1.35,2.25
E.F.G.39.066,HO39066,DEXTROSA 50 % SOLUCION INYECTABLE IV,INYECTABLE,2.45,4.08
E.F.40.559,HO40559,LINEZID 2 mg/ ml SOLUCION INYECTABLE PARA INFUSION IV,INYECTABLE,18.57,30.95
E.F.G.40.581,HO40581,ACICLOVIR 250 mg POLVO LIOFILIZADO PARA SOLUCION INYECTABLE PARA INFUSION INTRAVENOSA,INYECTABLE,9.81,16.35
E.F.G.40.840,HO40840,FLUCONAZOL 200 mg /100 mL SOLUCION INYECTABLE INTRAVENOSA,INYECTABLE,1.65,2.75
E.F.G.41.149,HO41149,"PALONOSETRON 0,25 mg / 5 mL SOLUCION INYECTABLE",INYECTABLE,63.6,106.00
E.F.G.41.409,HO41409,FENITOINA SODICA 50 mg / mL SOLUCION INYECTABLE,INYECTABLE,1.17,1.95
E.F.G.42.390,HO42390,METRONIDAZOL 500 mg / 100 mL SOLUCIÓN PARA INFUSIÓN.,INYECTABLE,2.68,4.47
E.F.G.42.502,HO42502,DEXAMETASONA FOSFATO SODICO 8 mg / 2 mL SOLUCION INYECTABLE,INYECTABLE,7.38,12.30
E.F.G.42.510,HO42510,DEXAMETASONA FOSFATO SODICO 4 mg / mL SOLUCION INYECTABLE,INYECTABLE,3.87,6.45
E.F.G.43.429,HO43429,FLUCONAZOL 200 mg / 100 mL SOLUCION PARA INFUSION,INYECTABLE,2.2,3.67
E.F.G.43.908,HO43908,BUPIVACAINA 50 mg/10 mL SOLUCIÓN INYECTABLE,INYECTABLE,4.68,7.80
E.F.G.43.916,HO43916,Lidocaina 2% con Adrenalina 1: 80.000 Solución Inyectable,INYECTABLE,47.79,79.65
E.F.G.43.918,HO43918,KETOPROFENO 50 mg / mL SOLUCIÓN INYECTABLE,INYECTABLE,8.88,14.80
E.F.G.44.116,HO44116,PARACETAMOL 1 g / 100 mL SOLUCION PARA INFUSION,INYECTABLE,5.31,8.85
E.F.G.44.464,HO44464,ACIDO ASCORBICO 500 mg / 5 mL SOLUCIÓN INYECTABLE,INYECTABLE,20.32,33.87
E.F.G.44.679,HO44679,CIPROFLOXACINA INFUSIÓN 0.2 g / 100 mL SOLUCION PARA INFUSION INTRAVENOSA,INYECTABLE,12.34,20.57
E.F.G.44.719,HO44719,CIPROFLOXACINA 200 MG/100 ML SOLUCION INYECTABLE,INYECTABLE,2.9,4.83
E.F.9.189,HO9189,CIFARCAINA AL 1 % SOLUCION INYECTABLE,INYECTABLE,8.36,13.93
E.F.11.043,ME11043,FRIXONIL SOLUCION,LOCION,4.58,7.63
E.F.12.460,ME12460,PEREBRON 28 mg / 5 mL JARABE SABOR A FRAMBUESA,JARABE,5.82,9.70
E.F.12.998,ME12998,TILODRIN 4 mg / mL SOLUCION ORAL,SOLUCION ORAL,3.29,5.48
E.F.13.354,ME13354,"FANASAL 0,05 % SOLUCION NASAL",SOLUCION NASAL,2.73,4.55
E.F.13.615,ME13615,FERROCE CON B12 JARABE,JARABE,9.01,15.02
P.F.1.368,ME1368,DEXTROSA AL 5% EN SOLUCION FISIOLOGICA ISOTONICA DE CLORURO DE SODIO I,LOCION,6.32,10.53
P.B.1.384,ME1384,HIRUDOID (POLISULFATO DE MUCOPOLISACARIDO) 25.000 UI / 100 g GEL,GEL,9.48,15.80
P.F.1.388,ME1388,ACIDO ASCORBICO 10 % SOLUCION ORAL EN GOTAS,GOTAS,1.47,2.45
E.F.14.318,ME14318,TOLNAFTAN 1 % SOLUCION,LOCION,5.49,9.15
P.B.1.457,ME1457,RESTYLANE PERLANE LIDOCAINA (ACIDO HIALURONICO - LIDOCAINA CLORHIDRATO) 20mg / mL - 3 mg/mL GEL INYECTABLE,INYECTABLE,1.47,2.45
E.F.14.671,ME14671,PREVERAL  CON CODEINA  JARABE,JARABE,5.99,9.98
E.F.14.784,ME14784,"PREVERAL  CON  DEXTROMETORFANO 6,25 mg-15,00 mg/5ml JARABE PEDIATRICO",JARABE,2.29,3.82
E.F.14.881,ME14881,MADECASSOL 1% UNGUENTO,UNGUENTO,6.96,11.60
E.F.15.830,ME15830,"HEXOMEDINE 1 mg - 0,5 mg / mL COLUTORIO AEROSOL",INHALACION,7.82,13.03
E.F.G.1.645,ME1645,BACITRACINA 125 mg/ 15 g UNGUENTO,UNGUENTO,3.4,5.67
E.F.17.508,ME17508,TILODRIN 30 mg / 15 mL JARABE,JARABE,4.25,7.08
E.F.17.740,ME17740,LISOMUCIN 4 mg / 5 mL JARABE,JARABE,3.67,6.12
E.F.18.142,ME18142,"NASIN 0,05 % SOLUCION NASAL",SOLUCION NASAL,4.89,8.15
E.F.18.498,ME18498,ANTIFOM 80 mg / mL SUSPENSION ORAL,SUSPENSION ORAL,4.63,7.72
E.F.18.961,ME18961,TACHIPIRIN 100 mg / mL SOLUCION ORAL,SOLUCION ORAL,3.64,6.07
E.F.19.270,ME19270,"ERILON 0,1 % CREMA",CREMA,7.59,12.65
E.F.19.381,ME19381,ERILON 1 mg / mL LOCION,LOCION,11.13,18.55
E.F.19.402,ME19402,BALSADER POMADA,POMADA,2.13,3.55
E.F.19.620,ME19620,ATAMEL 100 mg / mL SOLUCION ORAL,SOLUCION ORAL,3.2,5.33
E.F.G.20.104,ME20104,AMOXICILINA 125 mg / 5 mL POLVO PARA SUSPENSION,POLVO PARA RECONSTITUCION,8.91,14.85
E.F.G.20.140,ME20140,BACITRACINA 500 UI - g UNGUENTO,UNGUENTO,3.12,5.20
E.F.20.149,ME20149,IMAZOL 1 % SOLUCION,LOCION,4.29,7.15
E.F.G.20.308,ME20308,BACITRACINA 500 UI / g UNGUENTO,UNGUENTO,4.24,7.07
E.F.20.385,ME20385,MUCOBROL 4 mg / 5 mL JARABE,JARABE,2.17,3.62
E.F.20.628,ME20628,"AIRFEN 0,05 % SOLUCION NASAL",SOLUCION NASAL,5.62,9.37
E.F.21.014,ME21014,"ITISONA 0,1 % CREMA",CREMA,8.79,14.65
E.F.21.233,ME21233,FLODONT EN FILMORASE UNGUENTO BUCAL,UNGUENTO,4.1,6.83
E.F.21.271,ME21271,PINVEX 5 % - 1 % SOLUCION,LOCION,6.13,10.22
E.F.21.432,ME21432,"DERMOVATE 0,05 % CREMA",CREMA,19.65,32.75
E.F.21.495,ME21495,"MODERAN 10,1 g / 15 mL SOLUCION ORAL",SOLUCION ORAL,11.75,19.58
E.F.21.818,ME21818,BREXIN 100 mg / mL SOLUCION ORAL,SOLUCION ORAL,2.72,4.53
E.F.G.22.033,ME22033,ACIDO FOLICO 10 mg COMPRIMIDOS,COMPRIMIDOS,5.58,9.30
E.F.22.089,ME22089,AMOXIVAL 250 mg / 5 mL POLVO PARA SUSPENSION ORAL,POLVO PARA RECONSTITUCION,7.04,11.73
E.F.22.165,ME22165,BENDAMEN 100 mg / 5 mL SUSPENSION,SUSPENSION ORAL,9.19,15.32
E.F.22.169,ME22169,GULAPER 100 mg / 5 mL ORAL,SOLUCION ORAL,5.06,8.43
E.F.22.407,ME22407,LISOMUCIN 8 mg / 5 mL JARABE,JARABE,3.36,5.60
E.F.22.858,ME22858,LOGANIL 250 mg / 5 mL JARABE,JARABE,7.27,12.12
E.F.22.859,ME22859,LOGANIL 100 mg / 5 mL JARABE,JARABE,3.81,6.35
E.F.22.866,ME22866,BEXILON 4 mg /  5 mL JARABE,JARABE,3.53,5.88
E.F.22.931,ME22931,IPALAT 1 % CREMA,CREMA,4.82,8.03
E.F.22.980,ME22980,NUELIN 80 mg / 15 mL JARABE,JARABE,2.55,4.25
E.F.23.088,ME23088,CALCIO OSTELIN 175 mg - 60 UI / 5 mL SUSPENSION,SUSPENSION ORAL,5.58,9.30
E.F.23.146,ME23146,LASIX 20 mg COMPRIMIDOS,COMPRIMIDOS,8.23,13.72
E.F.23.582,ME23582,"MATILOL 0,5 % SOLUCION OFTALMICA",SOLUCION OFTALMICA,11.96,19.93
E.F.23.662,ME23662,MAXICORT SUSPENSION OFTALMICA,SUSPENSION ORAL,9.59,15.98
E.F.G.23.745,ME23745,AMOXICILINA 125 mg / 5 mL SUSPENSION,SUSPENSION ORAL,1.95,3.25
E.F.23.774,ME23774,PROTOSULFIL 1 % CREMA,CREMA,4.39,7.32
E.F.23.835,ME23835,VALPRON 250 mg / 5 mL JARABE,JARABE,18.65,31.08
E.F.23.882,ME23882,TRAMAL 100 mg / mL SOLUCION ORAL,SOLUCION ORAL,34.92,58.20
E.F.23.979,ME23979,"CLENBUNAL 0,005 mg / 5 mL SOLUCION ORAL",SOLUCION ORAL,6.62,11.03
E.F.24.206,ME24206,"TANTUN 0,1 % SOLUCION DUCHA VAGINAL",LOCION,5.45,9.08
E.F.24.209,ME24209,ACICLOR 5 % CREMA,CREMA,16.32,27.20
E.F.24.373,ME24373,FUGOLIN 1 % SOLUCION,LOCION,4.33,7.22
E.F.24.456,ME24456,CARNITENE 1 g / 10 mL SOLUCION ORAL,SOLUCION ORAL,7.53,12.55
E.F.24.511,ME24511,DENCORUB GEL,GEL,2.66,4.43
E.F.24.576,ME24576,ZITOXIL 3 % SOLUCION,LOCION,9.57,15.95
E.F.24.672,ME24672,GULAPER 250 mg / 5 mL SOLUCION ORAL,SOLUCION ORAL,5.58,9.30
E.F.24.679,ME24679,"TOBRASOL 0,3 % SOLUCION OFTALMICA",SOLUCION OFTALMICA,8.94,14.90
E.F.24.736,ME24736,ATAMEL 120 mg / 5 mL JARABE,JARABE,2.03,3.38
E.F.G.24.809,ME24809,AMPICILINA 250 mg/5mL POLVO PARA SUSPENSION ORAL,POLVO PARA RECONSTITUCION,4.29,7.15
E.F.24.868,ME24868,"GARABET 0,3 % - 0,1 % SOLUCION OFTALMICA",SOLUCION OFTALMICA,9.3,15.50
E.F.24.875,ME24875,ACEVAL 100 mg/mL SOLUCION ORAL EN GOTAS,GOTAS,3.7,6.17
E.F.24.973,ME24973,TENSOPIN 20 mg / mL SOLUCION ORAL,SOLUCION ORAL,5.19,8.65
E.F.25.126,ME25126,KETAZOL 2 % CREMA,CREMA,3.97,6.62
E.F.25.351,ME25351,"CLENBUNAL 0,01 mg / 5 mL JARABE",JARABE,5.34,8.90
E.F.G.25.529,ME25529,SALBUTAMOL 40 mg/ 100 mL JARABE,JARABE,13.36,22.27
E.F.25.538,ME25538,AUGMENTIN 500 mg - 125 mg TABLETAS RECUBIERTAS,TABLETAS,19.96,33.27
E.F.25.621,ME25621,KETAZOL 2 % CHAMPU,CHAMPU,12.61,21.02
E.F.G.25.639,ME25639,AMOXICILINA 250 mg / 5 mL POLVO PARA SUSPENSION,POLVO PARA RECONSTITUCION,1.3,2.17
E.F.25.685,ME25685,DERAIN 15 % CREMA,CREMA,13.26,22.10
E.F.25.929,ME25929,"CLARIX 0,25 mg / mL SOLUCION NASAL",SOLUCION NASAL,9.15,15.25
E.F.G.25.934,ME25934,ACETAMINOFEN 250 mg SUPOSITORIOS,SUPOSITORIOS,4.3,7.17
E.F.G.25.936,ME25936,OXOLAMINA JARABE,JARABE,4.16,6.93
E.F.G.26.047,ME26047,ATENOLOL 100 mg COMPRIMIDOS,COMPRIMIDOS,6.45,10.75
E.F.G.26.052,ME26052,OXOLAMINA 50 mg / 5 mL JARABE,JARABE,3.94,6.57
E.F.G.26.053,ME26053,OXOLAMINA 28 mg / 5mL JARABE,JARABE,3.89,6.48
E.F.G.26.069,ME26069,CLORHIDRATO DE BROMEXINA 8 mg / 5 mL JARABE.,JARABE,1.9,3.17
E.F.G.26.131,ME26131,"GENTAMICINA  0,3 % SOLUCION OFTALMICA",SOLUCION OFTALMICA,4.21,7.02
E.F.G.26.205,ME26205,OXOLAMINA 50 mg / 5 mL JARABE,JARABE,3.86,6.43
E.F.G.26.219,ME26219,OXOLAMINA CITRATO 50 mg / 5 mL JARABE,JARABE,4.1,6.83
E.F.G.26.276,ME26276,KETOCONAZOL 2% CREMA,CREMA,2.31,3.85
E.F.26.287,ME26287,OFTERRA UNGUENTO OFTALMICO,UNGUENTO,21.29,35.48
E.F.26.475,ME26475,BETADINE 8 % SOLUCION TOPICO BUCAL,SOLUCION TOPICA,6.41,10.68
E.F.G.26.689,ME26689,ENALAPRIL MALEATO 20 mg COMPRIMIDOS RECUBIERTOS,COMPRIMIDOS,2.72,4.53
E.F.G.26.698,ME26698,IBUPROFENO 400 mg COMPRIMIDOS RECUBIERTOS,COMPRIMIDOS,1.77,2.95
E.F.G.26.813,ME26813,CLOTRIMAZOL 1 % CREMA,CREMA,3.28,5.47
E.F.27.042,ME27042,"ANASMOL 2,5 mg COMPRIMIDOS",COMPRIMIDOS,4.98,8.30
E.F.G.27.081,ME27081,ALBENDAZOL 400 mg / 10 mL SUSPENSION,SUSPENSION ORAL,2.27,3.78
E.F.27.231,ME27231,GYNOVIT SOLUCION DUCHA VAGINAL,LOCION,3.79,6.32
E.F.27.398,ME27398,IBUTAN 100 mg / 5 mL SUSPENSION,SUSPENSION ORAL,3.39,5.65
E.F.27.414,ME27414,AFOKLIN 10 mg / mL SOLUCION ORAL,SOLUCION ORAL,8.57,14.28
E.F.27.471,ME27471,DIKLASON 50 mg COMPRIMIDOS RECUBIERTOS,COMPRIMIDOS,1.08,1.80
E.F.27.475,ME27475,LONGACEF 100 mg / 5 mL POLVO PARA SUSPENSION,POLVO PARA RECONSTITUCION,3.39,5.65
E.F.27.514,ME27514,FERGANIC 40 mg / 15 mL SOLUCION ORAL,SOLUCION ORAL,10.13,16.88
E.F.27.531,ME27531,BARGONIL 2 % UNGUENTO,UNGUENTO,9.04,15.07
E.F.27.541,ME27541,LOREX 1 mg / mL JARABE,JARABE,2.54,4.23
E.F.27.552,ME27552,FERGANIC 20 mg / mL SOLUCION ORAL,SOLUCION ORAL,12.21,20.35
E.F.27.689,ME27689,"SALBUROL 0,5 % SOLUCION PARA INHALACION",INHALACION,7.9,13.17
E.F.27.774,ME27774,DIFENAC 1 % GEL,GEL,5.56,9.27
E.F.27.924,ME27924,CICLOFTAL1 % SOLUCION OFTALMICA,SOLUCION OFTALMICA,33.24,55.40
E.F.28.025,ME28025,TOBRASOL 3 mg / g UNGUENTO OFTALMICO,UNGUENTO,20.36,33.93
E.F.G.28.118,ME28118,CLENBUTEROL CLORHIDRATO 10 mcg / 5 mL JARABE,JARABE,3.37,5.62
E.F.G.28.153,ME28153,DICLOFENAC POTASICO 50 mg COMPRIMIDOS RECUBIERTOS,COMPRIMIDOS,0.62,1.03
E.F.G.28.201,ME28201,LORATADINA 5 mg / 5 mL JARABE,JARABE,1.7,2.83
E.F.28.267,ME28267,KETOMED 2 % CHAMPU,CHAMPU,26.62,44.37
E.F.28.401,ME28401,"ARBIXIL 7,5 mg - 5 mcg / 5 mL JARABE",JARABE,11.27,18.78
E.F.28.425,ME28425,MISULVAN 30 mg / 5 mL JARABE,JARABE,7.39,12.32
E.F.28.426,ME28426,ARBIXIL 15 mg - 10 mcg / 5 mL JARABE,JARABE,12.4,20.67
E.F.G.28.493,ME28493,AMBROXOL CLORHIDRATO 30 mg / 5 mL JARABE,JARABE,5.92,9.87
E.F.28.504,ME28504,"DUOVENT 0,4 mg - 1 mg AEROSOL",INHALACION,19,31.67
E.F.28.565,ME28565,MYCOFENTIN 2 % CREMA,CREMA,3.18,5.30
E.F.28.634,ME28634,ACICLOR 200 mg / 5 mL POLVO PARA SUSPENSION,POLVO PARA RECONSTITUCION,15.52,25.87
E.F.28.666,ME28666,YONAL 15 mg / 5 mL SOLUCION ORAL,SOLUCION ORAL,4.1,6.83
E.F.G.28.805,ME28805,AZITROMICINA 500 mg COMPRIMIDOS RECUBIERTOS,COMPRIMIDOS,2.27,3.78
E.F.28.826,ME28826,ALBICAR 400 mg / 10 mL SUSPENSION,SUSPENSION ORAL,3.4,5.67
E.F.G.28.901,ME28901,SULFADIAZINA DE PLATA 1 % CREMA,CREMA,5.52,9.20
E.F.29.110,ME29110,"FISIOLIN 0,65 % SOLUCION NASAL",SOLUCION NASAL,4.45,7.42
E.F.29.123,ME29123,CETRAL 10 mg / mL SOLUCION ORAL,SOLUCION ORAL,2.66,4.43
E.F.G.29.181,ME29181,CLORHIDRATO DE AMBROXOL 30mg/5mL SOLUCION ORAL,SOLUCION ORAL,2.64,4.40
E.F.G.29.182,ME29182,CLORHIDRATO DE AMBROXOL 15mg /5mL.SOLUCION ORAL,SOLUCION ORAL,3.17,5.28
E.F.29.289,ME29289,"CLENBUNAL 0,014 mg / mL SOLUCION ORAL",SOLUCION ORAL,5.97,9.95
E.F.29.292,ME29292,"PERIDONT 0,12 % SOLUCION TOPICA BUCAL",SOLUCION TOPICA,12.55,20.92
E.F.29.314,ME29314,"CLORACE 125 - 0,5 mg / 5 mL SOLUCION ORAL",SOLUCION ORAL,6.78,11.30
E.F.29.348,ME29348,TALZIC 10 mg / mL SOLUCION ORAL,SOLUCION ORAL,1.47,2.45
E.F.G.29.516,ME29516,DICLOFENAC SODICO 50 mg TABLETAS RECUBIERTAS,TABLETAS,9.65,16.08
E.F.G.29.570,ME29570,"BENCIDAMINA CLORHIDRATO 0,15 % SOLUCION TOPICA BUCAL",SOLUCION TOPICA,2.05,3.42
E.F.29.673,ME29673,OTIRILIN 4 % - 1 % SOLUCION OTICA,SOLUCION OTICA,15.22,25.37
E.F.29.808,ME29808,LORAVAL 5 mg / 5 mL JARABE,JARABE,2.66,4.43
E.F.G.29.812,ME29812,LORATADINA 10 mg COMPRIMIDOS,COMPRIMIDOS,3.1,5.17
E.F.29.902,ME29902,AUGMENTIN BID 875 mg - 125 mg TABLETAS RECUBIERTAS,TABLETAS,34.08,56.80
E.F.29.922,ME29922,METREN 250 mg / 5 mL SUSPENSION,SUSPENSION ORAL,17.52,29.20
E.F.G.29.931,ME29931,AMOXICILINA 250 mg / 5 mL POLVO PARA SUSPENSION ORAL,POLVO PARA RECONSTITUCION,4.71,7.85
E.F.G.30.034,ME30034,LORATADINA 1 mg / mL JARABE,JARABE,2.27,3.78
E.F.G.30.199,ME30199,IBUPROFENO 100 mg / 5 mL SUSPENSION ORAL,SOLUCION ORAL,5.55,9.25
E.F.30.272,ME30272,IMAZOL 1 % SOLUCION TOPICA ATOMIZADOR,SOLUCION TOPICA,4.81,8.02
E.F.G.30.286,ME30286,IBUPROFENO 100 mg / 5 mL SUSPENSION ORAL,SOLUCION ORAL,2.39,3.98
E.F.30.293,ME30293,LOKARIN 5 mg - 60 mg / 5 mL JARABE,JARABE,6.74,11.23
E.F.30.297,ME30297,"MATIGEL 0,5 % SOLUCION OFTALMICA",SOLUCION OFTALMICA,13.61,22.68
E.F.G.30.367,ME30367,SULTAMICILINA 250 mg/5 ml POLVO PARA SUSPENSION ORAL,POLVO PARA RECONSTITUCION,18.3,30.50
E.F.30.624,ME30624,NAFINA 1 % CREMA,CREMA,6.52,10.87
E.F.30.661,ME30661,"DYFRIN 5 % - 0,5 % SOLUCION OFTALMICA",SOLUCION OFTALMICA,24.58,40.97
E.F.30.711,ME30711,"RINOMAX 0,25 % - 0,125 % - 0,25 % SOLUCION NASAL",SOLUCION NASAL,17.49,29.15
E.F.30.785,ME30785,SILVEDERMA 1 % CREMA,CREMA,12.4,20.67
E.F.30.812,ME30812,FARMACAINA 10 % SOLUCION ATOMIZADORA TOPICO BUCAL,SOLUCION TOPICA,8.31,13.85
E.F.30.819,ME30819,BALSADER GEL TOPICO,GEL,3.17,5.28
E.F.30.873,ME30873,"DOBET 2 % - 0,5 % SOLUCION OFTALMICA",SOLUCION OFTALMICA,17.78,29.63
E.F.G.30.908,ME30908,TRIMETOPRIM/SULFAMETOXASOL 40 mg - 200 mg / 5 mL SUSPENSION,SUSPENSION ORAL,2.74,4.57
E.F.30.917,ME30917,BUDECORT 1 mg / mL SUSPENSION PARA INHALAR,SUSPENSION ORAL,9.77,16.28
E.F.G.30.996,ME30996,"SALBUTAMOL 0,5 % SOLUCION PARA INHALAR",LOCION,8.14,13.57
E.F.G.31.012,ME31012,METRONIDAZOL BENZOIL 250 mg/ 5 mL SUSPENSION ORAL,SUSPENSION ORAL,7.09,11.82
E.F.G.31.064,ME31064,METRONIDAZOL BENZOIL 125 mg / 5 mL SUSPENSION ORAL,SUSPENSION ORAL,4.09,6.82
E.F.31.091,ME31091,"ARBIXIL 7,5 mg - 5 mcg / mL SOLUCION ORAL",SOLUCION ORAL,3.49,5.82
E.F.G.31.107,ME31107,"DICLOFENAC DIETILAMINO 1,16 % GEL",GEL,3.48,5.80
E.F.G.31.158,ME31158,SULTAMICILINA 250 mg / 5 mL POLVO PARA SUSPENSION ORAL,POLVO PARA RECONSTITUCION,7.68,12.80
E.F.G.31.178,ME31178,ACIDO FOLICO 10 mg / mL SOLUCION ORAL,SOLUCION ORAL,7.05,11.75
E.F.G.31.259,ME31259,MELOXICAM 15 mg COMPRIMIDOS,COMPRIMIDOS,3.51,5.85
E.F.31.275,ME31275,AMOXIDUO 750 mg / 5 mL POLVO PARA SUSPENSION ORAL,POLVO PARA RECONSTITUCION,11.56,19.27
E.F.G.31.345,ME31345,CEFADROXILO 250 mg / 5 mL POLVO PARA SUSPENSION ORAL,POLVO PARA RECONSTITUCION,6.08,10.13
E.F.31.439,ME31439,FEBRILIX 120mg / 5mL SOLUCION ORAL,SOLUCION ORAL,1.57,2.62
E.F.G.31.537,ME31537,"AMBROXOL-CLENBUTEROL 7,5 mg-0,005 mg/5 mL SOLUCION ORAL",SOLUCION ORAL,5.18,8.63
E.F.G.31.538,ME31538,"AMBROXOL-CLENBUTEROL 15mg - 0,01mg/5 mL SOLUION ORAL",SOLUCION ORAL,2.8,4.67
E.F.31.562,ME31562,"FOTORRETIN 0,5 % - 5 % SOLUCION OFTALMICA",SOLUCION OFTALMICA,11.56,19.27
E.F.31.563,ME31563,"POENTOBRAL PLUS 0,3 %- 0,1 % SUSPENSIÓN OFTÁLMICA",SUSPENSION ORAL,6.99,11.65
E.F.31.588,ME31588,"OTALEX 0,2 % - 1 % SUSPENSION OTICA",SUSPENSION ORAL,8.23,13.72
E.F.G.31.589,ME31589,CETIRIZINA 1 mg / mL SOLUCION ORAL,SOLUCION ORAL,2.58,4.30
E.F.G.31.636,ME31636,ACETAMINOFEN 120 mg / 5 mL JARABE,JARABE,2.18,3.63
E.F.31.744,ME31744,"COVENTROL 12,5 mg COMPRIMIDOS",COMPRIMIDOS,6.26,10.43
E.F.31.955,ME31955,"GLAUCOTENSIL T  2 % - 0,5 % SOLUCION OFTALMICA",SOLUCION OFTALMICA,13.9,23.17
E.F.32.020,ME32020,SINUTIL JARABE,JARABE,4.17,6.95
E.F.G.32.032,ME32032,CIPROFLOXACINA 750 mg COMPRIMIDOS RECUBIERTOS,COMPRIMIDOS,4.74,7.90
E.F.G.32.070,ME32070,KETOPROFENO 100 mg COMPRIMIDOS ENTERICOS,COMPRIMIDOS,4.15,6.92
E.F.32.078,ME32078,BONAC 4% GEL USO TOPICO,GEL,18.44,30.73
E.F.G.32.087,ME32087,AMOXICILINA 750 mg / 5 mL POLVO PARA SUSPENSION ORAL,POLVO PARA RECONSTITUCION,6.2,10.33
E.F.32.123,ME32123,ALIVETNOC 500 mg - 3 mg GRANULADO SABOR LIMON - MIEL,GRANULADOS,5.16,8.60
E.F.G.32.130,ME32130,SULTAMICILINA 750 mg COMPRIMIDOS RECUBIERTOS,COMPRIMIDOS,10.61,17.68
E.F.32.168,ME32168,"BRIXIA 0,0 5% SOLUCION OFTALMICA",SOLUCION OFTALMICA,12.86,21.43
E.F.32.233,ME32233,RINOLAST D 30 mg - 30 mg / 5 mL SUSPENSION ORAL,SUSPENSION ORAL,9.37,15.62
E.F.G.32.409,ME32409,AMOXICILINA - ACIDO CLAVULANICO 875 mg - 125 mg COMPRIMIDOS,COMPRIMIDOS,7.62,12.70
E.F.G.32.411,ME32411,BUDESONIDA 50 mcg / DOSIS SUSPENSION PARA INHALACION ORAL,SUSPENSION ORAL,21.27,35.45
E.F.32.457,ME32457,TALZIC 1 mg / mL SOLUCION ORAL,SOLUCION ORAL,3.04,5.07
E.F.G.32.490,ME32490,CETIRIZINA 1 mg / mL SOLUCION ORAL,SOLUCION ORAL,1.83,3.05
E.F.G.32.566,ME32566,"CLORURO DE SODIO 0,9 % SOLUCION ISOTONICA PARA IRRIGACION ESTERIL",LOCION,1.74,2.90
E.F.G.32.643,ME32643,VITAMINA C 100 mg / 5 mL SOLUCION ORAL,SOLUCION ORAL,6.13,10.22
E.F.32.679,ME32679,"ACRYLARM 0,2 % GEL OFTALMICO",GEL,27.4,45.67
E.F.G.32.717,ME32717,SECNIDAZOL 1 g COMPRIMIDOS RECUBIERTOS,COMPRIMIDOS,2.86,4.77
E.F.G.32.828,ME32828,IBUPROFENO 100 mg / 5 mL SUSPENSION ORAL,SUSPENSION ORAL,4.58,7.63
E.F.G.32.878,ME32878,GLIMEPIRIDA 4 mg TABLETAS,TABLETAS,11.1,18.50
E.F.32.977,ME32977,CETRAL 5 mg / 5 mL SOLUCION ORAL,SOLUCION ORAL,3.88,6.47
E.F.33.286,ME33286,TALERC 10 mg / mL SOLUCION ORAL,SOLUCION ORAL,2.19,3.65
E.F.G.33.347,ME33347,ACIDO FOLICO 10 mg COMPRIMIDOS,COMPRIMIDOS,0.99,1.65
E.F.G.33.398,ME33398,CLARITROMICINA 500 mg COMPRIMIDOS RECUBIERTOS,COMPRIMIDOS,7.72,12.87
E.F.33.482,ME33482,MIGRADORIXINA 125 mg - 1 mg COMPRIMIDOS RECUBIERTOS,COMPRIMIDOS,3.14,5.23
E.F.33.581,ME33581,"CLOFEN 1,8 mg / mL SUSPENSION ORAL",SUSPENSION ORAL,7.64,12.73
E.F.G.33.712,ME33712,"GLICERINA 1,68 g SUPOSITORIOS",SUPOSITORIOS,4.67,7.78
E.F.G.33.713,ME33713,"GLICERINA 2,88 g SUPOSITORIOS",SUPOSITORIOS,6.28,10.47
E.F.33.823,ME33823,MISELLIM 10 mg COMPRIMIDOS RECUBIERTOS,COMPRIMIDOS,4.56,7.60
E.F.33.876,ME33876,"ALERGOT 0,05 % SOLUCION OFTALMICA",SOLUCION OFTALMICA,3.32,5.53
E.F.33.963,ME33963,"TODENAC 0,3 % - 0,1 % SOLUCION OFTALMICA",SOLUCION OFTALMICA,17.18,28.63
E.F.G.33.987,ME33987,ACIDO FOLICO 10 mg / mL SOLUCION ORAL,SOLUCION ORAL,1.53,2.55
E.F.34.032,ME34032,APIRET 180 mg / 5 mL  SOLUCION ORAL,SOLUCION ORAL,2.1,3.50
E.F.34.036,ME34036,"SOLUCION PARA DIALISIS PERITONEAL CON DEXTROSA AL 1,5 % BAJA EN MAGNESIO",LOCION,4.48,7.47
E.F.G.34.160,ME34160,AMOXICILINA - ACIDO CLAVULANICO 400 mg - 57 mg / 5 mL  POLVO PARA SUSPENSION ORAL,POLVO PARA RECONSTITUCION,9.58,15.97
E.F.34.224,ME34224,TERBICRYM 1 % CREMA,CREMA,2.92,4.87
E.F.G.34.437,ME34437,"NITROFURAZONA 0,2 % CREMA",CREMA,3.49,5.82
E.F.G.34.468,ME34468,IBUPROFENO 100 mg / 5 mL SUSPENSION,SUSPENSION ORAL,3.69,6.15
E.F.34.580,ME34580,"DIKLASON 1,8 mg / mL SUSPENSION ORAL",SUSPENSION ORAL,6.52,10.87
E.F.34.732,ME34732,"AVODART 0,5 mg CAPSULAS BLANDAS",CAPSULAS,17.27,28.78
E.F.34.754,ME34754,TONUM 1 mg / mL  SUSPENSION ORAL,SUSPENSION ORAL,3.34,5.57
E.F.G.34.772,ME34772,CLOTRIMAZOL 1 % CREMA VAGINAL,CREMA,2.39,3.98
E.F.34.819,ME34819,"OPAT 0,1 % SOLUCION OFTALMICA",SOLUCION OFTALMICA,7.13,11.88
E.F.34.845,ME34845,COLLOVAR SOLUCION,LOCION,4.14,6.90
E.F.34.879,ME34879,"REFLUXYL 0,400 g - 0,375 g / 15 mL SUSPENSION ORAL",SUSPENSION ORAL,9.79,16.32
E.F.34.903,ME34903,"DENCOFEN 1,16 % CREMA EN BASE GEL",CREMA,3.56,5.93
E.F.34.952,ME34952,"MAILEN 2,5 mg / 5 mL JARABE",JARABE,4.42,7.37
E.F.34.986,ME34986,GYNO CLOCIM 1% CREMA VAGINAL,CREMA,2.41,4.02
E.F.G.35.002,ME35002,AMOXICILINA 250 mg / 5 ml POLVO PARA SUSPENSION ORAL,POLVO PARA RECONSTITUCION,5.18,8.63
E.F.G.35.022,ME35022,L - CARNITINA 1 g / 10 mL SOLUCION ORAL,SOLUCION ORAL,7.21,12.02
E.F.G.35.027,ME35027,ALBENDAZOL 200 mg TABLETAS RECUBIERTAS MASTICABLES,TABLETAS,1.18,1.97
E.F.35.040,ME35040,"DIAGESIC 1,8 mg / mL SUSPENSION ORAL",SUSPENSION ORAL,7.38,12.30
E.F.G.35.158,ME35158,BROMHEXINA CLORHIDRATO 8 mg / 5 mL JARABE,JARABE,4.53,7.55
E.F.G.35.191,ME35191,"DESLORATADINA 0,5 mg / mL SOLUCION ORAL",SOLUCION ORAL,3.72,6.20
E.F.G.35.192,ME35192,CLOTRIMAZOL 2 % CREMA VAGINAL,CREMA,4.69,7.82
E.F.35.193,ME35193,GYNOCLOCIM 2 % CREMA VAGINAL,CREMA,4.09,6.82
P.F.352,ME352,"LECHE DE MAGNESIA 8,5 % SUSPENSION SABOR ORIGINAL",SUSPENSION ORAL,6.01,10.02
E.F.35.202,ME35202,NIPE PLUS GRANULADO PARA SUSPENSION SABOR A FRUTAS TROPICALES,GRANULADOS,4.97,8.28
E.F.35.373,ME35373,"FULGRAM 600 mg - 42,9 mg / 5 mL POLVO PARA SUSPENSION",POLVO PARA RECONSTITUCION,13.16,21.93
E.F.35.409,ME35409,"ALFADYN 0,2 % SOLUCION OFTALMICA",SOLUCION OFTALMICA,13.08,21.80
E.F.35.431,ME35431,"BIOKETOF 2,5% GEL PARA USO T",GEL,4.68,7.80
E.F.G.35.447,ME35447,MONTELUKAST 10 mg COMPRIMIDOS RECUBIERTOS,COMPRIMIDOS,2.51,4.18
E.F.35.503,ME35503,"QUINOMAX 0,5% SOLUCION OFTALMICA",SOLUCION OFTALMICA,16.63,27.72
E.F.35.671,ME35671,TACHIPIRIN FORTE 160 mg / 5 mL SUSPENSION ORAL,SUSPENSION ORAL,2.62,4.37
E.F.G.35.688,ME35688,DOMPERIDONA 10 mg COMPRIMIDOS,COMPRIMIDOS,3.91,6.52
E.F.G.35.710,ME35710,MUPIROCIN 2 % UNGUENTO,UNGUENTO,6.64,11.07
E.F.35.718,ME35718,"CORENTEL H 5 mg - 6,25 mg COMPRIMIDOS RECUBIERTOS",COMPRIMIDOS,2.12,3.53
E.F.35.719,ME35719,"CORENTEL H 10 mg - 6,25 mg COMPRIMIDOS RECUBIERTOS",COMPRIMIDOS,5.54,9.23
E.F.G.35.922,ME35922,OXOLAMINA CITRATO 50 mg / 5 mL JARABE,JARABE,4.65,7.75
E.F.35.927,ME35927,COROPRES 16 mg COMPRIMIDOS,COMPRIMIDOS,3.45,5.75
E.F.35.935,ME35935,FLATORIL 80 mg / mL SUSPENSION GOTAS,SUSPENSION ORAL,6.02,10.03
E.F.G.36.008,ME36008,VITAMINA C 50 mg / 5 mL JARABE,JARABE,3.61,6.02
E.F.36.047,ME36047,PRESIDERM 2 % UNGUENTO,UNGUENTO,7.01,11.68
E.F.G.36.242,ME36242,"CLOBETASOL PROPIONATO 0,05% UNGUENTO",UNGUENTO,5.78,9.63
E.F.36.249,ME36249,GYNOTRAN 15%-4% CREMA VAGINAL,CREMA,6.91,11.52
E.F.36.263,ME36263,"CURPINOL 12,5 mg COMPRIMIDOS",COMPRIMIDOS,1.94,3.23
E.F.36.264,ME36264,CURPINOL 25 mg COMPRIMIDOS,COMPRIMIDOS,8.86,14.77
E.F.36.302,ME36302,ZONTRICON 100mg/5mL POLVO PARA SUSPENSION,POLVO PARA RECONSTITUCION,25.31,42.18
E.F.G.36.304,ME36304,CIPROFLOXACINA 500 mg COMPRIMIDOS RECUBIERTOS,COMPRIMIDOS,4.84,8.07
E.F.G.36.318,ME36318,BROMHEXINA CLORHIDRATO 8 mg/5ml JARABE,JARABE,4.57,7.62
E.F.36.328,ME36328,IPORET 40 mg / mL SUSPENSION ORAL GOTAS,SOLUCION ORAL,4.72,7.87
E.F.G.36.355,ME36355,KETOROLAC 10 mg COMPRIMIDOS,COMPRIMIDOS,3.56,5.93
E.F.G.36.523,ME36523,SIMVASTATINA 20 mg COMPRIMIDOS RECUBIERTOS,COMPRIMIDOS,4.93,8.22
E.F.G.36.574,ME36574,"TOBRAMICINA 0,3 % SOLUCION OFTALMICA",SOLUCION OFTALMICA,4.4,7.33
E.F.G.36.608,ME36608,CETIRIZINA CLORHIDRATO 10 mg / mL SOLUCION ORAL GOTAS,SOLUCION ORAL,2.76,4.60
E.F.G.36.805,ME36805,"CARVEDILOL 6,25 mg COMPRIMIDOS",COMPRIMIDOS,2.49,4.15
E.F.36.834,ME36834,"CROMUS 0,1 % UNGUENTO",UNGUENTO,43.04,71.73
E.F.G.36.838,ME36838,CARBAMAZEPINA 200 mg COMPRIMIDOS RECUBIERTOS DE LIBERACION CONTROLADA,COMPRIMIDOS,6.14,10.23
E.F.G.36.877,ME36877,TERBINAFINA CLORHIDRATO 1 % CREMA TOPICA,CREMA,3.99,6.65
E.F.G.36.885,ME36885,CLOPIDOGREL 75 mg COMPRIMIDOS RECUBIERTOS,COMPRIMIDOS,3.69,6.15
E.F.G.36.892,ME36892,"CARVEDILOL 6,25 mg COMPRIMIDOS",COMPRIMIDOS,3.41,5.68
E.F.G.36.979,ME36979,"LOSARTAN POTASICO - HIDROCLOROTIAZIDA 50 mg - 12,5 mg COMPRIMIDOS RECU",COMPRIMIDOS,2.39,3.98
E.F.G.36.998,ME36998,"DESLORATADINA 2,5 mg / 5 mL JARABE",JARABE,6.04,10.07
E.F.37.032,ME37032,PREDNA 15 mg / 5 mL SOLUCION ORAL,SOLUCION ORAL,9.17,15.28
E.F.G.37.062,ME37062,METRONIDAZOL 500 mg COMPRIMIDOS,COMPRIMIDOS,4.78,7.97
E.F.37.124,ME37124,"DERMACORTINE 0,1 % CREMA",CREMA,8.97,14.95
E.F.37.137,ME37137,VIROSUPRIL 5 % CREMA,CREMA,31.82,53.03
E.F.37.217,ME37217,CETRAL D 5 mg - 60 mg / 5 mL SOLUCION ORAL,SOLUCION ORAL,4.64,7.73
E.F.37.251,ME37251,FARBICIL 1 % CREMA,CREMA,7.66,12.77
E.F.37.253,ME37253,PULMOLET 1 mg / mL SUSPENSION PARA NEBULIZAR,SUSPENSION ORAL,8.89,14.82
E.F.37.256,ME37256,"LORECORT 1 mg - 0,05 mg / 5mL SOLUCION ORAL",SOLUCION ORAL,21.37,35.62
E.F.37.262,ME37262,AMOXIVAL 750 ml / 5 mL POLVO PARA SUSPENSION ORAL,POLVO PARA RECONSTITUCION,10.08,16.80
E.F.G.37.301,ME37301,DICLOFENAC SODICO 1% GEL,GEL,5.09,8.48
E.F.37.330,ME37330,PERTEN 1 % CREMA,CREMA,7.19,11.98
E.F.G.37.412,ME37412,TOBRAMICINA 300 mg/5 ml SOLUCION PARA INHALACION,INHALACION,4.74,7.90
E.F.37.466,ME37466,FUCIDIN H 20 mg - 10 mg/g CREMA.,CREMA,11.32,18.87
E.F.G.37.492,ME37492,METFORMINA CLORHIDRATO 850 mg COMPRIMIDOS,COMPRIMIDOS,6.37,10.62
E.F.37.539,ME37539,ZUDENINA 0.1 % CREMA,CREMA,8.47,14.12
E.F.G.37.583,ME37583,METFORMINA CLORHIDRATO 500 mg COMPRIMIDOS,COMPRIMIDOS,6.86,11.43
E.F.G.37.587,ME37587,AMBROXOL CLORHIDRATO - LORATADINA 30 mg - 5 mg / 5 mL JARABE,JARABE,4.47,7.45
E.F.G.37.747,ME37747,"VALSARTAN CON HIDROCLOROTIAZIDA 160 mg - 12,5 mg COMPRIMIDOS RECUBIERTOS",COMPRIMIDOS,5.77,9.62
E.F.G.37.749,ME37749,"VALSARTAN CON HIDROCLOROTIAZIDA 80 mg - 12,5 mg COMPRIMIDOS",COMPRIMIDOS,3.12,5.20
E.F.G.37.839,ME37839,TERBINAFINA CLORHIDRATO 1 % CREMA,CREMA,6.39,10.65
E.F.G.37.900,ME37900,CLOTRIMAZOL 10 % CREMA VAGINAL,CREMA,3.03,5.05
E.F.37.950,ME37950,NOVACODIN 50 mg / 5 mL SOLUCION ORAL,SOLUCION ORAL,4.13,6.88
E.F.G.37.958,ME37958,GLUCONATO FERROSO (50 mg / 15 mL DE HIERRO ELEMENTAL) SOLUCION ORAL,SOLUCION ORAL,5.35,8.92
E.F.37.978,ME37978,KEPPRA 100 mg/mL SOLUCION ORAL,SOLUCION ORAL,101.18,168.63
E.F.38.053,ME38053,"LOTEMICIN 0,5 % - 0,3 % SUSPENSION OFTALMICA",SOLUCION OFTALMICA,11.56,19.27
E.F.38.114,ME38114,"DERMOSUPRIL C 0,1 % - 3 % CREMA TOPICA",CREMA,8.3,13.83
E.F.38.201,ME38201,"MOMEQ 0,1 % CREMA",CREMA,9.99,16.65
E.F.38.253,ME38253,"BEPRODERM 0,05 % - 0,1 % CREMA",CREMA,6.23,10.38
E.F.38.329,ME38329,"NEFROTAL H 100 mg - 12,5 mg COMPRIMIDOS RECUBIERTOS",COMPRIMIDOS,2.84,4.73
E.F.G.38.330,ME38330,DICLOFENAC POTASICO 15 mg / mL SUSPENSION ORAL,SUSPENSION ORAL,1.71,2.85
E.F.38.332,ME38332,CELAY 5 mg / 5 mL SOLUCION ORAL,SOLUCION ORAL,2.49,4.15
E.F.38.499,ME38499,"DIKLASON 1,16 % GEL",GEL,18.19,30.32
E.F.G.38.568,ME38568,VALSARTAN 80 mg CAPSULAS,CAPSULAS,4.61,7.68
E.F.G.38.569,ME38569,VALSARTAN 160 mg CAPSULAS,CAPSULAS,6.12,10.20
E.F.38.610,ME38610,FLENOX 30 mg / 5 mL SOLUCION ORAL,SOLUCION ORAL,2.71,4.52
E.F.38.628,ME38628,FEBRATIC 10 mg / 5 mL SUSPENSION ORAL,SOLUCION ORAL,2.83,4.72
E.F.38.680,ME38680,FLENOX 15 mg / 5 mL SOLUCION ORAL,SOLUCION ORAL,1.29,2.15
E.F.38.721,ME38721,OFAFLAN 2 mg / mL SUSPENSION ORAL,SUSPENSION ORAL,8.12,13.53
E.F.38.820,ME38820,ANANTY 120 mg / 5 mL SUSPENSION,SUSPENSION ORAL,3.23,5.38
E.F.G.38.822,ME38822,TERBINAFINA 1 % CREMA,CREMA,2.87,4.78
E.F.38.877,ME38877,CARNISIN 1 g / 10 mL SOLUCION ORAL LIBRE DE AZUCAR,SOLUCION ORAL,5.76,9.60
E.F.38.880,ME38880,IBUTAN 200 mg / 5 mL SUSPENSION,SUSPENSION ORAL,3.88,6.47
E.F.G.38.921,ME38921,OLMESARTAN MEDOXOMIL 20 mg COMPRIMIDOS RECUBIERTOS,COMPRIMIDOS,6.55,10.92
E.F.38.983,ME38983,DOMPESIN 1 mg / mL SUSPENSION,SUSPENSION ORAL,5.17,8.62
E.F.G.39.008,ME39008,ATORVASTATINA 20 mg COMPRIMIDOS RECUBIERTOS,COMPRIMIDOS,3.5,5.83
E.F.G.39.020,ME39020,ACETAMINOFEN 1000 mg COMPRIMIDOS,COMPRIMIDOS,2.6,4.33
E.F.G.39.033,ME39033,"BISOPROLOL FUMARATO - HIDROCLOROTIZIDA 2,5 mg - 6,25 mg COMPRIMIDOS RECUBIERTOS",COMPRIMIDOS,4.31,7.18
E.F.G.39.034,ME39034,"BISOPROLOL FUMARATO - HIDROCLOROTIAZIDA 5 mg - 6,25 mg COMPRIMIDOS RECUBIERTOS",COMPRIMIDOS,5.86,9.77
E.F.G.39.079,ME39079,IBUPROFENO - TIOCOLCHICOSIDO 600 mg - 4 mg COMPRIMIDOS RECUBIERTOS,COMPRIMIDOS,4.54,7.57
E.F.39.097,ME39097,BROFLEMA 8 mg / 5 mL SOLUCION ORAL,SOLUCION ORAL,4.03,6.72
E.F.39.326,ME39326,EUKENE 20 mg COMPRIMIDOS RECUBIERTOS,COMPRIMIDOS,9.62,16.03
E.F.39.415,ME39415,"ERILON 0,05 % CREMA",CREMA,5.62,9.37
E.F.39.471,ME39471,TAMOA 250 mg COMPRIMIDOS MASTICABLES,COMPRIMIDOS,3.56,5.93
E.F.G.39.472,ME39472,IBUPROFENO 400 mg-TIOCOLCHICOSIDO 4 mg COMPRIMIDOS,COMPRIMIDOS,4.6,7.67
E.F.39.709,ME39709,RIDAL 1 mg / mL SOLUCION ORAL,SOLUCION ORAL,7.14,11.90
E.F.G.39.843,ME39843,METFORMINA CLORHIDRATO - GLIBENCLAMIDA 500 mg - 5 mg TABLETAS RECUBIERTAS,TABLETAS,6.23,10.38
E.F.39.925,ME39925,"ISOSPRAY PLUS 0,15 % - 0,25 % SOLUCION",LOCION,3.33,5.55
E.F.40.013,ME40013,LECART 1 g / 10 mL SOLUCION ORAL,SOLUCION ORAL,6.15,10.25
E.F.40.019,ME40019,MULTIDERM 2 % UNGUENTO,UNGUENTO,7.43,12.38
E.F.G.40.042,ME40042,AMLODIPINA - VALSARTAN 10 mg - 160 mg COMPRIMIDOS RECUBIERTOS,COMPRIMIDOS,2.54,4.23
E.F.40.057,ME40057,MICONAX 15 % - 4 % CREMA VAGINAL,CREMA,5.69,9.48
E.F.G.40.063,ME40063,CEFIXIMA 100 mg / 5 mL POLVO PARA SUSPENSION ORAL,POLVO PARA RECONSTITUCION,8.29,13.82
E.F.G.40.083,ME40083,ACETAMINOFEN 120 mg/5mL SOLUCION ORAL,SOLUCION ORAL,2.18,3.63
E.F.G.40.084,ME40084,ACETAMINOFEN 180 mg/5 mL SOLUCION ORAL,SOLUCION ORAL,4.7,7.83
E.F.G.40.260,ME40260,BROMEXINA CLORHIDRATO 4 mg / 5 mL JARABE,JARABE,4.45,7.42
E.F.G.40.269,ME40269,CEFALEXINA 125 mg / 5 mL POLVO PARA SUSPENSION ORAL,POLVO PARA RECONSTITUCION,5.26,8.77
E.F.40.272,ME40272,LEVOFERIN 30 mg / 5 mL SOLUCION,LOCION,9.75,16.25
E.F.40.280,ME40280,"BISOBLOC H 5 mg - 6,25 mg TABLETAS RECUBIERTAS",TABLETAS,9.16,15.27
E.F.40.285,ME40285,"RAMIPRES HCT 2,5 mg - 12,5 mg COMPRIMIDOS",COMPRIMIDOS,7.01,11.68
E.F.G.40.297,ME40297,CIPROFLOXACINA 500 mg COMPRIMIDOS RECUBIERTOS DE LIBERACION PROGRAMADA,COMPRIMIDOS,4.56,7.60
E.F.40.343,ME40343,PROVICAR 2 g / 10ml SOLUCION ORAL,SOLUCION ORAL,10.52,17.53
E.F.40.348,ME40348,PERTEN 1% SOLUCION TOPICA,SOLUCION TOPICA,14.4,24.00
E.F.40.357,ME40357,PERTEN 1 % SOLUCION ATOMIZADORA PARA USO TOPICO,SOLUCION TOPICA,11.3,18.83
E.F.40.365,ME40365,GLICAZET 500 mg / 5 mg TABLETAS RECUBIERTAS,TABLETAS,15.74,26.23
E.F.40.371,ME40371,DIOSMINA-HESPERIDINA 450 mg-50 mg COMPRIMIDOS RECUBIERTOS,COMPRIMIDOS,16.62,27.70
E.F.40.374,ME40374,"BETADERM 0,05 % CREMA",CREMA,2.51,4.18
E.F.G.40.440,ME40440,LORATADINA - AMBROXOL CLORHIDRATO 5 mg - 30 mg / 5 mL SOLUCION ORAL,SOLUCION ORAL,1.38,2.30
E.F.40.477,ME40477,ANANTY FORTE 160 mg / 5 mL SUSPENSION,SUSPENSION ORAL,2.01,3.35
E.F.40.494,ME40494,"MOXIDEX 0,5 -0,1 % SOLUCION OFTALMICA ESTERIL",SOLUCION OFTALMICA,18.75,31.25
E.F.40.502,ME40502,MUCOMAX 15 mg / 5 mL SOLUCION ORAL USO PEDIATRICO,SOLUCION ORAL,3.01,5.02
E.F.G.40.510,ME40510,"OLMESARTAN MEDOXOMIL - HIDROCLOROTIAZIDA 40 mg - 12,5 mg COMPRIMIDOS RECUBIERTOS",COMPRIMIDOS,12.15,20.25
E.F.40.535,ME40535,SITAGLIS MET 50 mg - 850 mg COMPRIMIDOS RECUBIERTOS,COMPRIMIDOS,13.14,21.90
E.F.40.580,ME40580,"VASSLUTEN HCT 150 mg - 12,5 mg TABLETAS",TABLETAS,12.87,21.45
E.F.G.40.639,ME40639,PIPERAZINA 500mg / 5mL JARABE,JARABE,4.53,7.55
E.F.40.663,ME40663,PREVERAL CON DEXTROMETORFANO 3 mg - 15 mg / 5 mL SOLUCION ORAL,SOLUCION ORAL,2.84,4.73
E.F.40.673,ME40673,PERTEN 1 % GEL TOPICO,GEL,9.63,16.05
E.F.G.40.713,ME40713,ACETAMINOFEN - CLORFENIRAMINA 125 mg - 1mg / 5ml JARABE,JARABE,6.19,10.32
E.F.40.790,ME40790,"DERMAZOL 0,05 % CREMA",CREMA,10.04,16.73
E.F.40.793,ME40793,"VASSLUTEN HCT 300 mg - 12,5 mg TABLETAS",TABLETAS,18.48,30.80
E.F.40.804,ME40804,"DERMAZOL 0,05 % UNGUENTO",UNGUENTO,12.34,20.57
E.F.40.814,ME40814,"BRIMOPRESS 0,2 % SOLUCION OFTALMICA",SOLUCION OFTALMICA,14.68,24.47
E.F.G.40.835,ME40835,ESCITALOPRAM 1 mg/mL SOLUCION ORAL,SOLUCION ORAL,3.38,5.63
E.F.40.958,ME40958,ATROBEL 10 mg / mL SOLUCION GOTAS REFORMULADO,GOTAS,6.5,10.83
E.F.G.40.982,ME40982,NAPROXENO SODICO 275 mg COMPRIMIDOS RECUBIERTOS,COMPRIMIDOS,2.89,4.82
E.F.41.019,ME41019,"FLOMED 0,15% - 0,25% SOLUCION TOPICA BUCAL ATOMIZADORA",SOLUCION TOPICA,4.08,6.80
E.F.41.052,ME41052,CLINAC  1 % - 5 % GEL,GEL,30.13,50.22
E.F.41.093,ME41093,"ASCAFYL SC 80 mg -  0,4 mg / mL SOLUCION ORAL",SOLUCION ORAL,6.95,11.58
E.F.41.147,ME41147,"FLOMED 0,15 % - 0,25 % SOLUCION TOPICA BUCAL",SOLUCION TOPICA,3.25,5.42
E.F.41.148,ME41148,PEREBRON 28 mg / 5 mL JARABE SABOR MIEL - LIMON,JARABE,4.53,7.55
E.F.41.291,ME41291,"DERMAZOL 0,05 % LOCION CAPILAR",LOCION,12.47,20.78
E.F.41.358,ME41358,PEDIACORT 3 mg / mL SOLUCION ORAL,SOLUCION ORAL,15.5,25.83
E.F.41.359,ME41359,FEXORAT 30 mg / 5 mL SUSPENSION ORAL,SUSPENSION ORAL,4.09,6.82
E.F.41.404,ME41404,KEPRORET 1 mg / mL SOLUCION ORAL,SOLUCION ORAL,7.06,11.77
E.F.41.502,ME41502,CODEBROMIL PLUS 15 mg - 3 mg / 15 mL JARABE,JARABE,7.88,13.13
E.F.41.549,ME41549,MITAR 50 mcg / DOSIS SOLUCION PARA INHALACION NASAL,INHALACION,10.74,17.90
E.F.41.590,ME41590,PASIM 10 mg / mL SOLUCION ORAL,SOLUCION ORAL,4.43,7.38
E.F.41.645,ME41645,"SINUTIL 80 mg - 0,5 mg / mL SOLUCION ORAL",SOLUCION ORAL,3.7,6.17
E.F.41.671,ME41671,ORALZINC SALES DE REHIDRATACION POLVO PARA SOLUCION ORAL SABOR A MANDARINA,POLVO PARA RECONSTITUCION,4.5,7.50
E.F.41.676,ME41676,"BUCOXOLGAR 0,15 % - 0,25 % SOLUCION TOPICA BUCAL ATOMIZADORA SABOR A MENTA FRESCA",SOLUCION TOPICA,5.74,9.57
E.F.G.41.692,ME41692,"HIDROCLOROTIAZIDA 12,5 mg COMPRIMIDOS",COMPRIMIDOS,4.75,7.92
E.F.41.701,ME41701,ALIVET PLUS COMPRIMIDOS RECUBIERTOS,COMPRIMIDOS,4.96,8.27
E.F.41.847,ME41847,"BIPROLIL 2,5 mg COMPRIMIDOS RECUBIERTOS",COMPRIMIDOS,2.59,4.32
E.F.41.980,ME41980,"DUSTALOX 0,5 % SOLUCION OFTALMICA",SOLUCION OFTALMICA,9.09,15.15
E.F.41.993,ME41993,"FOSFOLIT 21,6 g - 8,1 g / 45 mL SOLUCION ORAL",SOLUCION ORAL,12.13,20.22
E.F.42.001,ME42001,ANGRIP FORTE NOCHE 650 mg - 4 mg COMPRIMIDOS RECUBIERTOS,COMPRIMIDOS,1.7,2.83
E.F.42.037,ME42037,REHIDROSOL 45 mEq / L SOLUCION ELECTROLITICA USO ORAL SABOR A UVA,SOLUCION ORAL,4.88,8.13
E.F.42.077,ME42077,"NEVAC 0,1 % SUSPENSION OFTALMICA",SUSPENSION ORAL,23.43,39.05
E.F.42.104,ME42104,ANGRIP FORTE DIA 650 mg - 2 mg - 20 mg COMPRIMIDOS RECUBIERTOS,COMPRIMIDOS,1.83,3.05
E.F.42.111,ME42111,YONALAT 15 mg - 3 mg / 5 mL SOLUCION ORAL,SOLUCION ORAL,4.59,7.65
E.F.G.42.125,ME42125,TADALAFILO 5 mg COMPRIMIDOS RECUBIERTOS,COMPRIMIDOS,5.71,9.52
E.F.42.141,ME42141,APIRET 250 mg SUPOSITORIOS,SUPOSITORIOS,6.11,10.18
E.F.42.160,ME42160,NEUROMIX COMPRIMIDOS RECUBIERTOS,COMPRIMIDOS,4.95,8.25
E.F.42.182,ME42182,OROFENO 150 mg COMPRIMIDOS DE LIBERACION CONTROLADA,COMPRIMIDOS,18.17,30.28
E.F.42.185,ME42185,REHIDROSOL 45 mEq/L SOLUCION ELECTROLITICA USO ORAL SABOR A FRAMBUESA,SOLUCION ORAL,5.15,8.58
E.F.42.186,ME42186,REHIDROSOL 60 mEq / L SOLUCION ELECTROLITICA USO ORAL SABOR A MANZANA,SOLUCION ORAL,4.12,6.87
E.F.G.42.197,ME42197,ONDANSETRON 4 mg / 5 mL SOLUCION ORAL,SOLUCION ORAL,7.11,11.85
E.F.42.233,ME42233,"COROPRES HCT 32 mg - 12,5 mg COMPRIMIDOS",COMPRIMIDOS,4.62,7.70
E.F.42.243,ME42243,DAYZOL 600 mg - 4 mg COMPRIMIDOS RECUBIERTOS,COMPRIMIDOS,6.67,11.12
E.F.42.256,ME42256,"FLUDINAX 0,9 % SOLUCION NASAL",SOLUCION NASAL,6.9,11.50
E.F.42.263,ME42263,KLINCOSAL 262 mg - 500 mg / 15 mL SUSPENSION ORAL SABOR A FRESA,SOLUCION ORAL,7.32,12.20
E.F.42.264,ME42264,KLINCOSAL 262 mg - 500 mg / 15 mL SUSPENSION ORAL SABOR A UVA,SOLUCION ORAL,7.32,12.20
E.F.42.275,ME42275,APIRET 125 mg SUPOSITORIOS,SUPOSITORIOS,5.12,8.53
E.F.42.291,ME42291,MAXOTEN 50 mg COMPRIMIDOS RECUBIERTOS,COMPRIMIDOS,37.7,62.83
E.F.42.311,ME42311,FEBRATIC 15 mg/mL SUSPENSION ORAL,SUSPENSION ORAL,2.99,4.98
E.F.42.352,ME42352,FEMIZOL 750 mg - 200 mg OVULOS.,OVULOS,11.74,19.57
E.F.42.399,ME42399,PASOLAX POLVO PARA SOLUCION ORAL,POLVO PARA RECONSTITUCION,6.25,10.42
E.F.G.42.403,ME42403,CLINDAMICINA 1% GEL TOPICO,GEL,1.99,3.32
E.F.G.42.418,ME42418,"BISOPROLOL FUMARATO 1,25 mg COMPRIMIDOS RECUBIERTOS",COMPRIMIDOS,3.58,5.97
E.F.G.42.419,ME42419,"BISOPROLOL FUMARATO 2,5 mg COMPRIMIDOS RECUBIERTOS",COMPRIMIDOS,3.61,6.02
E.F.G.42.420,ME42420,BISOPROLOL FUMARATO 5 mg COMPRIMIDOS RECUBIERTOS,COMPRIMIDOS,3.71,6.18
E.F.G.42.429,ME42429,"BISOPROLOL FUMARATO - HIDROCLOROTIAZIDA 10 mg - 6,25 mg COMPRIMIDOS RECUBIERTOS",COMPRIMIDOS,3.82,6.37
E.F.G.42.439,ME42439,LOSARTAN POTASICO 100 mg COMPRIMIDOS RECUBIERTOS,COMPRIMIDOS,4.62,7.70
E.F.42.453,ME42453,"NOXPIRIN 325 mg - 1,25 mg / 5 mL SOLUCION ORAL",SOLUCION ORAL,31.5,52.50
E.F.G.42.454,ME42454,ATORVASTATINA 40 mg COMPRIMIDOS RECUBIERTOS,COMPRIMIDOS,4.24,7.07
E.F.G.42.456,ME42456,IRBESARTAN 300 mg COMPRIMIDOS,COMPRIMIDOS,7.54,12.57
E.F.42.457,ME42457,FEBRIP 180 mg / 5 mL SOLUCION ORAL,SOLUCION ORAL,2.66,4.43
E.F.G.42.459,ME42459,METFORMINA CLORHIDRATO 1000 mg COMPRIMIDOS,COMPRIMIDOS,9.8,16.33
E.F.G.42.460,ME42460,"HIDROCLOROTIAZIDA 12,5 mg COMPRIMIDOS",COMPRIMIDOS,3.27,5.45
E.F.42.484,ME42484,"NOXPIRIN 125 mg - 0,5 mg / 5 mL SOLUCION ORAL",SOLUCION ORAL,16.67,27.78
E.F.G.42.488,ME42488,ACETAMINOFEN 180 mg / 5 mL SOLUCION ORAL,SOLUCION ORAL,2.98,4.97
E.F.G.42.490,ME42490,"LORATADINA - BETAMETASONA 5 mg - 0,25 mg COMPRIMIDOS",COMPRIMIDOS,3.64,6.07
E.F.G.42.493,ME42493,PREDNISONA 5 mg COMPRIMIDOS,COMPRIMIDOS,3.29,5.48
E.F.42.496,ME42496,DIGLET 200 UI SOLUCION ORAL,SOLUCION ORAL,15.88,26.47
E.F.G.42.509,ME42509,AZITROMICINA 200 mg / 5 mL SUSPENSION ORAL,SUSPENSION ORAL,2.01,3.35
E.F.G.42.517,ME42517,SERTRALINA 50 mg COMPRIMIDOS,COMPRIMIDOS,4.29,7.15
E.F.G.42.518,ME42518,SERTRALINA 100 mg COMPRIMIDOS,COMPRIMIDOS,4.52,7.53
E.F.G.42.520,ME42520,"METRONIDAZOL 0,75 % GEL",GEL,13.22,22.03
E.F.42.521,ME42521,CITRAPOL SOLUCION,LOCION,4.94,8.23
E.F.G.42.524,ME42524,"DESLORATADINA 2,5 mg / 5 mL JARABE",JARABE,4.19,6.98
E.F.G.42.526,ME42526,QUETIAPINA 25 mg COMPRIMIDOS,COMPRIMIDOS,3.82,6.37
E.F.G.42.527,ME42527,QUETIAPINA 100 mg COMPRIMIDOS,COMPRIMIDOS,4.97,8.28
E.F.G.42.534,ME42534,"AMOXICILINA - ACIDO CLAVULANICO 250 mg - 62,5 mg / 5 mL POLVO PARA SUSPENSION ORAL",POLVO PARA RECONSTITUCION,2.21,3.68
E.F.G.42.537,ME42537,DEXTROMETORFANO 15 mg / 5 mL JARABE,JARABE,5.78,9.63
E.F.G.42.539,ME42539,GUAIFENESINA 100 mg / 5 mL SOLUCION ORAL,SOLUCION ORAL,6.62,11.03
E.F.G.42.540,ME42540,"DESLORATADINA 2,5 mg / 5 mL SOLUCION ORAL",SOLUCION ORAL,6.08,10.13
E.F.42.567,ME42567,KAYIVIS 10 % SOLUCION TOPICA,SOLUCION TOPICA,6.73,11.22
E.F.G.42.590,ME42590,HIDROCLOROTIAZIDA 25 mg COMPRIMIDOS,COMPRIMIDOS,3.64,6.07
E.F.G.42.593,ME42593,"PEROXIDO DE BENZOILO 2,5 % GEL",GEL,2.71,4.52
E.F.G.42.595,ME42595,DEFLAZACORT 6 mg COMPRIMIDOS,COMPRIMIDOS,3.82,6.37
E.F.G.42.603,ME42603,BROMHEXINA CLORHIDRATO 4 mg / 5 mL JARABE,JARABE,1.71,2.85
E.F.G.42.604,ME42604,QUETIAPINA 25 mg COMPRIMIDOS RECUBIERTOS,COMPRIMIDOS,4.51,7.52
E.F.G.42.605,ME42605B,QUETIAPINA 100 mg COMPRIMIDOS RECUBIERTOS,COMPRIMIDOS,6.84,11.40
E.F.G.42.631,ME42631,"BETAMETASONA - GENTAMICINA - CLOTRIMAZOL 0,5 mg - 1 mg - 10 mg CREMA",CREMA,2.71,4.52
E.F.G.42.667,ME42667,SITAGLIPTINA - METFORMINA CLORHIDRATO 50 mg - 500 mg TABLETAS RECUBIERTAS,TABLETAS,10.97,18.28
E.F.42.715,ME42715,ACICLOR NANOPHARM 5 % CREMA,CREMA,10.45,17.42
E.F.42.742,ME42742,MISULVAN FORTE 30 mg - 5 mg / 5 mL SOLUCION ORAL,SOLUCION ORAL,3.07,5.12
E.F.G.42.750,ME42750,CANDESARTAN CILEXETILO 8 mg COMPRIMIDOS,COMPRIMIDOS,3.86,6.43
E.F.G.42.756,ME42756,"NAFAZOLINA CLORHIDRATO 0,12 mg / mL SOLUCION OFTALMICA",SOLUCION OFTALMICA,2.9,4.83
E.F.G.42.849,ME42849,PERMETRINA 5 % LOCION,LOCION,4.43,7.38
E.F.42.860,ME42860,APIRET 160 mg / 5 mL SOLUCION ORAL,SOLUCION ORAL,2.52,4.20
E.F.42.864,ME42864,APIRET 120 mg / 5 mL SOLUCION ORAL,SOLUCION ORAL,5.04,8.40
E.F.42.875,ME42875,"AUTEX 0,1 % CREMA",CREMA,11.61,19.35
E.F.42.913,ME42913,DALCITRIN 2 % UNGUENTO,UNGUENTO,7.1,11.83
E.F.G.42.915,ME42915,VALSARTAN 80 mg COMPRIMIDOS RECUBIERTOS,COMPRIMIDOS,5.71,9.52
E.F.G.42.959,ME42959,"TIMOLOL 0,5 % SOLUCION OFTALMICA",SOLUCION OFTALMICA,8.82,14.70
E.F.G.42.963,ME42963,ACIDO ASCORBICO 100 mg / mL SOLUCION ORAL,SOLUCION ORAL,6,10.00
E.F.42.975,ME42975,"BEDEX 0,15 % SOLUCION TOPICA BUCAL",SOLUCION TOPICA,4.97,8.28
E.F.42.976,ME42976,ACEVAL 180 mg / 5 mL SOLUCION ORAL,SOLUCION ORAL,3.85,6.42
E.F.43.002,ME43002,CONTRADOL 100 mg / mL SOLUCION ORAL,SOLUCION ORAL,17.05,28.42
E.F.G.43.020,ME43020,CLOTRIMAZOL 200 mg CAPSULAS BLANDAS VAGINALES,CAPSULAS,2.34,3.90
E.F.43.043,ME43043,"AMOXIVALAC 250 mg - 62,5 mg / 5 mL POLVO PARA SUSPENSION ORAL",POLVO PARA RECONSTITUCION,9.67,16.12
E.F.43.086,ME43086,"CARICEL 2 mg - 0,02 mg COMPRIMIDOS RECUBIERTOS",COMPRIMIDOS,19.52,32.53
E.F.G.43.177,ME43177,PREDNISOLONA ACETATO 1 % SUSPENSION OFTALMICA,SOLUCION OFTALMICA,11.33,18.88
E.F.43.190,ME43190,NEMAX 16% - 6% SOLUCION RECTAL,LOCION,5.5,9.17
E.F.G.43.220,ME43220,DICLOXACILINA 250 mg / 5 mL POLVO PARA SUSPENSION ORAL,POLVO PARA RECONSTITUCION,7.96,13.27
E.F.43.239,ME43239,PASIM PLUS 2 mg - 100 mg / mL SOLUCION ORAL,SOLUCION ORAL,6.49,10.82
E.F.G.43.256,ME43256,ALBENDAZOL 200 mg / 5 mL SUSPENSION ORAL,SOLUCION ORAL,3.1,5.17
E.F.G.43.274,ME43274,CLINDAMICINA - KETOCONAZOL 100 mg - 400 mg OVULOS VAGINALES,OVULOS,10.91,18.18
E.F.G.43.295,ME43295,DESLORATADINA 5 mg COMPRIMIDOS RECUBIERTOS,COMPRIMIDOS,1.6,2.67
E.F.43.309,ME43309,CLAVULAM 875 mg - 125 mg TABLETAS RECUBIERTAS,TABLETAS,17.32,28.87
E.F.43.320,ME43320,DOLCAN 9 mg / 5 mL SUSPENSION ORAL,SOLUCION ORAL,5.58,9.30
E.F.43.324,ME43324,"ALILUB 1,4 % SOLUCION OFTALMICA",SOLUCION OFTALMICA,7.12,11.87
E.F.G.43.334,ME43334,"ADAPALENO - CLINDAMICINA 0,1 % - 1 % GEL",GEL,1.95,3.25
E.F.G.43.341,ME43341,"CANDESARTAN CILETEXILO – HIDROCLOROTIAZIDA 8 mg – 12,5 mg TABLETAS RECUBIERTAS",TABLETAS,2.65,4.42
E.F.43.345,ME43345,HEXANTFLEM 250 mg / 5 mL SOLUCION ORAL,SOLUCION ORAL,6.92,11.53
E.F.43.371,ME43371,LOBEDRIN 6 mg / mL SOLUCION ORAL,SOLUCION ORAL,6.86,11.43
E.F.G.43.411,ME43411,PREDNISOLONA ACETATO 1 % SUSPENSION OFTALMICA,SUSPENSION ORAL,9.82,16.37
E.F.43.421,ME43421,"TIDOR 2 % - 0,5 % SOLUCION OFTALMICA",SOLUCION OFTALMICA,12.71,21.18
E.F.43.430,ME43430,ULCRAF 1 g / 5 mL SUSPENSIÓN ORAL,SUSPENSION ORAL,32.68,54.47
E.F.43.440,ME43440,MUCOXOL 30 mg / 5 mL JARABE,JARABE,5.13,8.55
E.F.43.457,ME43457,"ZUDENINA PEB 0,1% - 2,5% GEL",GEL,8.79,14.65
E.F.43.466,ME43466,IBUMAX 100 mg / 5 mL SUSPENSION ORAL,SOLUCION ORAL,3.84,6.40
E.F.43.467,ME43467,"RESEQUIL 0,1% LOCION TOPICA",SOLUCION TOPICA,9.84,16.40
E.F.43.494,ME43494,HEXANTFLEM 100 mg - 5 mL SOLUCIÓN ORAL,SOLUCION ORAL,3.69,6.15
E.F.G.43.512,ME43512,ACICLOVIR CREMA 5 %,CREMA,2.73,4.55
E.F.G.43.540,ME43540,PARACETAMOL 120 mg / 5 mL SOLUCIÓN ORAL,SOLUCION ORAL,3.77,6.28
E.F.43.545,ME43545,PROFLOX 1g / 5 ml suspensión oral ,SUSPENSION ORAL,16.14,26.90
E.F.G.43.559,ME43559,Loratadina 1mg/mL Solucion Oral,SOLUCION ORAL,4.93,8.22
E.F.G.43.570,ME43570,DESLORATADINA - MONTELUKAST 5 mg - 10 mg COMPRIMIDOS RECUBIERTOS,COMPRIMIDOS,2.14,3.57
E.F.43.576,ME43576,BROFLEMA 4 mg - 5 mL JARABE,JARABE,2.2,3.67
E.F.43.578,ME43578,"BIOTALOL HCT 10 mg - 6,25 mg COMPRIMIDOS RECUBIERTOS ",COMPRIMIDOS,16.48,27.47
E.F.43.579,ME43579,"BIOTALOL HCT 2,5 mg - 6,25 mg COMPRIMIDOS RECUBIERTOS",COMPRIMIDOS,1.85,3.08
E.F.G.43.601,ME43601,MINOXIDIL FORTE 5% SOLUCION TOPICA,SOLUCION TOPICA,12.96,21.60
E.F.43.646,ME43646,CAMPAL 1 % GEL,GEL,4.51,7.52
E.F.43.652,ME43652,DOPRIL 3 mg / mL SOLUCIÓN ORAL,SOLUCION ORAL,4.81,8.02
E.F.43.662,ME43662,OTOCORT 1 mg - 5 mg - 5000 UI / mL SUSPENSIÓN ÓTICA,SOLUCION OTICA,5.54,9.23
E.F.43.679,ME43679,"AIREX 0,05% SOLUCION NASAL",SOLUCION NASAL,4.35,7.25
E.F.G.43.707,ME43707,ACETAMINOFEN 150 mg / 5 mL JARABE,JARABE,4.66,7.77
E.F.G.43.731,ME43731,MUPIROCINA 2 % UNGUENTO,UNGUENTO,5.38,8.97
E.F.43.770,ME43770,YONALIN 4 mg / mL SOLUCION ORAL GOTAS,SOLUCION ORAL,2.45,4.08
E.F.43.777,ME43777,CLORACOLD 30 mg - 5 mg / 5 mL SOLUCIÓN ORAL,SOLUCION ORAL,4.84,8.07
E.F.43.791,ME43791,"RINIFLU 2,5 mg / 5 mL JARABE",JARABE,3.09,5.15
E.F.43.792,ME43792,"AVOST 0,004% SOLUCION OFTALMICA",SOLUCION OFTALMICA,13.36,22.27
E.F.43.797,ME43797,ELMETACIN-IND 1% SOLUCIÓN TOPICA,SOLUCION TOPICA,9.35,15.58
E.F.43.802,ME43802,"CORIOSYL 500 U.I. - 3,5 mg - 10.000 U.I. / g UNGUENTO",UNGUENTO,5.73,9.55
E.F.43.809,ME43809,"VERNATE 0,05 % CREMA",CREMA,4.75,7.92
E.F.43.814,ME43814,"Diclodex 1,8 mg/mL Suspensión Oral",SOLUCION ORAL,6.89,11.48
E.F.G.43.831,ME43831,LEVODROPROPIZINA 6 mg/ml SOLUCIÓN ORAL,SOLUCION ORAL,4.62,7.70
E.F.G.43.846,ME43846,ALBENDAZOL 100 mg / 5 mL SUSPENSIÓN ORAL,SOLUCION ORAL,2.73,4.55
E.F.43.851,ME43851,CETERIX 10 mg COMPRIMIDOS,COMPRIMIDOS,1.23,2.05
E.F.43.858,ME43858,CETERIX 5 mg / 5 mL SOLUCIÓN ORAL,SOLUCION ORAL,2.31,3.85
E.F.43.863,ME43863,"TOMYCIN 0,3 % SOLUCIÓN OFTALMICA",SOLUCION OFTALMICA,4.83,8.05
E.F.G.43.904,ME43904,FLUCONAZOL 200 mg TABLETAS RECUBIERTAS,TABLETAS,4.49,7.48
E.F.G.43.937,ME43937,PREDNISONA 5 mg / 5 mL SOLUCIÓN ORAL,SOLUCION ORAL,3.47,5.78
E.F.43.940,ME43940,"TOMYCIN DEX 0,3 % - 0,1 % SUSPENSIÓN OFTÁLMICA",SOLUCION OFTALMICA,9.18,15.30
E.F.43.949,ME43949,"AMOXIVALAC 600 mg – 42,9 mg / 5 mL POLVO PARA SUSPENSIÓN ORAL",POLVO PARA RECONSTITUCION,12.51,20.85
E.F.G.43.970,ME43970,ACETAMINOFEN 125 mg SUPOSITORIOS,SUPOSITORIOS,2.88,4.80
E.F.43.973,ME43973,"FLOGAREN 1,16 % GEL",GEL,6.72,11.20
E.F.G.43.982,ME43982,ATORVASTATINA - EZETIMIBA 20 mg - 10 mg COMPRIMIDOS RECUBIERTOS,COMPRIMIDOS,2.47,4.12
E.F.G.44.027,ME44027,"NAFAZOLINA CLORHIDRATO 0,012 % SOLUCION OFTALMICA",SOLUCION OFTALMICA,5.02,8.37
E.F.G.44.030,ME44030,ACIDO VALPROICO 250 mg / 5 mL JARABE,JARABE,12.86,21.43
E.F.44.040,ME44040,CEFOTAS 250 mg / 5 mL POLVO PARA SUSPENSION ORAL,POLVO PARA RECONSTITUCION,7.81,13.02
E.F.44.048,ME44048,IZABAN DPP 10 mg - 5 mg COMPRIMIDOS RECUBIERTOS,COMPRIMIDOS,43.93,73.22
E.F.G.44.052,ME44052,DICLOFENACO SÓDICO 50 mg SUPOSITORIOS,SUPOSITORIOS,3.71,6.18
E.F.G.44.064,ME44064,ACICLOVIR 5% CREMA TOPICA,SOLUCION TOPICA,11.81,19.68
E.F.G.44.085,ME44085,BROMURO DE IPRATROPIO 20 mcg / DOSIS SOLUCIÓN PARA INHALACIÓN ORAL,SOLUCION ORAL,16.1,26.83
E.F.44.089,ME44089,ALIVETOS 3 mg - 15 mg / 5 mL SOLUCIÓN ORAL,SOLUCION ORAL,3.47,5.78
E.F.44.096,ME44096,PRENIL 3 mg / 1 mL SOLUCIÓN ORAL,SOLUCION ORAL,5.62,9.37
E.F.G.44.106,ME44106,"DESONIDA 0,1% CREMA ",CREMA,7.09,11.82
E.F.44.126,ME44126,PEPTO-BISMOL 525 mg / 30 mL SUSPENSIÓN ORAL,SOLUCION ORAL,7.99,13.32
E.F.44.127,ME44127,"GENCICOF 0,15 % - 0,15 % SOLUCION TOPICA BUCAL",SOLUCION TOPICA,6.25,10.42
E.F.G.44.198,ME44198,"CLOBETASOL PROPIONATO 0,05 % CREMA",CREMA,4.81,8.02
E.F.G.44.260,ME44260,SUCRALFATO 100 mg / mL SUSPENSION ORAL,SOLUCION ORAL,13.56,22.60
E.F.G.44.261,ME44261,NISTATINA 100.000 UI/mL SUSPENSIÓN ,SUSPENSION ORAL,3.4,5.67
E.F.G.44.262,ME44262,BISOPROLOL FUMARATO - AMLODIPINA 5 mg - 10 mg COMPRIMIDOS,COMPRIMIDOS,0.87,1.45
E.F.44.273,ME44273,ATROVERAN FORTE 20mg TABLETAS RECUBIERTAS,TABLETAS,5.9,9.83
E.F.44.293,ME44293,"OLOCOF 0,02% SOLUCIÓN OFTÁLMICA ",SOLUCION OFTALMICA,5.4,9.00
E.F.44.294,ME44294,"COZOMINA T 2 % - 0,5 % SOLUCIÓN OFTÁLMICA ",SOLUCION OFTALMICA,8.99,14.98
E.F.44.305,ME44305,"BIOTADIN 0,2% SOLUCIÓN OFTALMICA",SOLUCION OFTALMICA,13.08,21.80
E.F.44.361,ME44361,HEXANT 15mg/ 5mL SOLUCION ORAL SABOR A FRESA,SOLUCION ORAL,8.06,13.43
E.F.44.362,ME44362,TOPISEPT 2 % CREMA TÓPICA ,CREMA,25.31,42.18
E.F.44.376,ME44376,CETIDEX 5 mg / 5 mL SOLUCIÓN ORAL,SOLUCION ORAL,5.29,8.82
E.F.44.393,ME44393,Dolmobrox 15 mg / 5ml Solución Oral ,SOLUCION ORAL,2.86,4.77
E.F.44.466,ME44466,"ELOK 0,1% CREMA",CREMA,2.17,3.62
E.F.G.44.534,ME44534,"TACROLIMUS 0,03% UNGÜENTO",UNGUENTO,5.19,8.65
E.F.44.539,ME44539,BUDEQUIT 1 mg / mL SUSPENSION PARA INHALACION ORAL,SUSPENSION ORAL,5.64,9.40
E.F.G.44.603,ME44603,CETIRIZINA 5 mg/ 5ml   Solucion Oral    ,SOLUCION ORAL,4.3,7.17
E.F.G.44.613,ME44613,"ENALAPRIL MALEATO - HIDROCLOROTIAZIDA 20 mg - 12,5 mg TABLETAS",TABLETAS,4.33,7.22
E.F.44.628,ME44628,GULAPER 100 MG / 5 ML SOLUCION ORAL SABOR CHICLE ,SOLUCION ORAL,2.65,4.42
E.F.44.629,ME44629,GULAPER 250 MG / 5 ML SOLUCION ORAL SABOR A MENTA ,SOLUCION ORAL,2.59,4.32
E.F.44.634,ME44634,CAMPAL P 15 mg / mL SUSPENSIÓN ORAL,SOLUCION ORAL,7.33,12.22
E.F.44.637,ME44637,  SUEROLITO ZINC 75 mEq/L SOLUCION ELECTROLITICA USO ORAL SABOR A FRUTAS TROPICALES,SOLUCION ORAL,3.7,6.17
E.F.44.638,ME44638,SUEROLITO ZINC 75 mEqL/L SOLUCION ELECTROLITICA USO ORAL SABOR A COCO,SOLUCION ORAL,1.97,3.28
E.F.44.639,ME44639,SUEROLITO ZINC 75 mEQ/L SOLUCIÓN ELECTROLÍTICA USO ORAL SABOR A FRESA,SOLUCION ORAL,1.97,3.28
E.F.44.640,ME44640,SUEROLITO ZINC 75 mEq/L SOLUCIÓN ELECTROLÍTICA  USO ORAL SABOR A UVA,SOLUCION ORAL,3.7,6.17
E.F.44.641,ME44641,SUEROLITO ZINC 75 mEq/L SOLUCION ELECTROLITICA USO ORAL SABOR A MANDARINA,SOLUCION ORAL,3.7,6.17
E.F.44.642,ME44642,SUEROLITO ZINC 75 mEq/L SOLUCION ELECTROLITICA USO ORAL SABOR A CHICLE ,SOLUCION ORAL,3.7,6.17
E.F.44.643,ME44643,SUEROLITO ZINC 75 mEq/L SOLUCION ELECTROLITICA USO ORAL SABOR A MANZANA,SOLUCION ORAL,3.7,6.17
E.F.44.653,ME44653,ATAREM 100 mg / 5 mL SOLUCIÓN ORAL,SOLUCION ORAL,2.1,3.50
E.F.44.676,ME44676,TRUSOMIDA 2% SOLUCIÓN OFTÁLMICA,SOLUCION OFTALMICA,12.45,20.75
E.F.44.702,ME44702,CORTYNASE PLUS 50 mcg - 140 mcg / DOSIS SUSPENSION NASAL,SOLUCION NASAL,4.7,7.83
E.F.44.717,ME44717,BIOTALOL PE 5 mg - 10 mg COMPRIMIDOS RECUBIERTOS ,COMPRIMIDOS,2.29,3.82
E.F.44.721,ME44721,BIOTALOL PE 10 mg - 5 mg COMPRIMIDOS RECUBIERTOS,COMPRIMIDOS,10.48,17.47
E.F.44.761,ME44761,"GLICILAX 1,72 g SUPOSITORIOS",SUPOSITORIOS,4.38,7.30
E.F.44.763,ME44763,"GLICILAX 0,86 g SUPOSITORIOS",SUPOSITORIOS,4.17,6.95
E.F.G.4.631,ME4631,ACIDO FOLICO 10 mg / mL SOLUCION ORAL,SOLUCION ORAL,6.7,11.17
E.F.4.931,ME4931,DENCORUB CREMA,CREMA,2.94,4.90
E.F.537,ME537,MENTOL DAVIS UNGUENTO,UNGUENTO,3.27,5.45
E.F.5.708,ME5708,"OTAN 0,1 % - 4,0 % SOLUCION OTICA",SOLUCION OTICA,10.31,17.18
E.F.6.400,ME6400,LANOLZINC 15 % - 11 % POMADA,POMADA,4.2,7.00
E.F.8.400,ME8400,OTODON 2% - 5% SOLUCION GOTAS USO OTICO.,GOTAS,7.01,11.68
E.F.8.463,ME8463,OTANOL 50 mg/ml SOLUCION OTICA,SOLUCION OTICA,7.61,12.68
E.F.9.592,ME9592,VITENOL CREMA,CREMA,3.07,5.12
P.F.998,ME998,VITAMINA C 100 mg/5 ml JARABE,JARABE,4.24,7.07
E.F.G.1.290,MI1290,OXIGENO MEDICINAL,,0.96,1.60
E.F.19.054,MI19054,"AZUTAN 0,15 % COLUTORIO",,2.74,4.57
E.F.25.491,MI25491,PROTOSULFIL 1 % POLVO,POLVO PARA RECONSTITUCION,23.75,39.58
E.F.27.670,MI27670,"FLODONT 0,15 % ENJUAGUE BUCAL",,4.81,8.02
E.F.28.667,MI28667,FEM DUCHA VAGINAL,INYECTABLE,2.7,4.50
E.F.30.271,MI30271,IMAZOL 1 % POLVO,POLVO PARA RECONSTITUCION,2.56,4.27
E.F.G.37.540,MI37540,"DICLOFENAC DIETILAMINA 1,16% EMULGEL",,2.38,3.97
E.F.37.676,MI37676,"DERMACORTINE 0,1 % EMULSION",INYECTABLE,16.86,28.10
E.F.G.44.357,MI44357,FOSFATO DE SODIO MONOBÁSICO 16% - FOSFATO DE SODIO DIBÁSICO 6%,,5.5,9.17
E.F.44.615,MI44615,"SIEGEXANIA 0,05% EMULSION	",INYECTABLE,26.3,43.83
E.F.4.470,MI4470,FRICSOL 10 % - 10 %  LINIMENTO,UNGUENTO,1.97,3.28
E.F.8.381,MI8381,"FURFURIL 0,2 %  APOSITO SOLUBLE",,6.2,10.33